productID,category,sub_category,stock,price
TEC-PH-10000702,Technology,Phones,58,79.92
FUR-FU-10001979,Furniture,Furnishings,133,32.776
OFF-AR-10002656,Office Supplies,Art,32,10.688
FUR-FU-10002937,Furniture,Furnishings,219,396.92
TEC-PH-10000895,Technology,Phones,195,1259.93
OFF-AR-10002766,Office Supplies,Art,12,8.34
TEC-PH-10000441,Technology,Phones,84,377.97
OFF-PA-10004610,Office Supplies,Paper,127,10.272
OFF-BI-10000773,Office Supplies,Binders,140,4.812
OFF-AR-10000914,Office Supplies,Art,103,23.32
OFF-LA-10003930,Office Supplies,Labels,247,491.55
FUR-CH-10001797,Furniture,Chairs,133,500.24
TEC-PH-10004531,Technology,Phones,135,87.96
OFF-FA-10004248,Office Supplies,Fasteners,146,14.432
TEC-MA-10003626,Technology,Machines,173,821.3
FUR-FU-10000320,Furniture,Furnishings,83,10.02
TEC-AC-10002473,Technology,Accessories,55,22.704
OFF-BI-10001071,Office Supplies,Binders,169,447.86
TEC-AC-10003280,Technology,Accessories,68,89.97
FUR-FU-10004188,Furniture,Furnishings,113,306.9
FUR-FU-10003724,Furniture,Furnishings,184,25.11
OFF-BI-10002609,Office Supplies,Binders,62,14.304
OFF-EN-10000056,Office Supplies,Envelopes,128,186.69
TEC-AC-10003289,Technology,Accessories,93,47.976
OFF-BI-10004965,Office Supplies,Binders,165,34.5
OFF-EN-10000461,Office Supplies,Envelopes,53,17.48
TEC-PH-10002200,Technology,Phones,141,258.528
OFF-AP-10002457,Office Supplies,Appliances,239,334.88
OFF-AR-10000475,Office Supplies,Art,129,18.656
FUR-BO-10001337,Furniture,Bookcases,175,241.96
FUR-BO-10003441,Furniture,Bookcases,203,205.9992
OFF-BI-10001617,Office Supplies,Binders,225,49.632
FUR-FU-10004006,Furniture,Furnishings,178,127.95
FUR-FU-10001617,Furniture,Furnishings,219,41.6
OFF-PA-10004983,Office Supplies,Paper,21,31.104
TEC-PH-10000193,Technology,Phones,84,110.352
OFF-BI-10003305,Office Supplies,Binders,55,14.352
OFF-PA-10001560,Office Supplies,Paper,177,42.28
FUR-CH-10004983,Furniture,Chairs,102,563.43
OFF-PA-10004040,Office Supplies,Paper,169,23.92
TEC-PH-10004912,Technology,Phones,143,131.88
OFF-PA-10002195,Office Supplies,Paper,104,10.16
OFF-PA-10000141,Office Supplies,Paper,218,4.36
TEC-PH-10004345,Technology,Phones,123,239.9
OFF-AR-10001988,Office Supplies,Art,124,17.97
TEC-AC-10000420,Technology,Accessories,170,349.95
OFF-AR-10004685,Office Supplies,Art,182,13.89
TEC-AC-10000844,Technology,Accessories,131,254.97
OFF-BI-10003656,Office Supplies,Binders,216,271.984
OFF-AP-10003971,Office Supplies,Appliances,199,4.356
FUR-FU-10004018,Furniture,Furnishings,217,29.78
TEC-PH-10002170,Technology,Phones,112,279.96
TEC-PH-10004977,Technology,Phones,79,627.168
FUR-FU-10002111,Office Supplies,Paper,159,12.192
TEC-AC-10002217,Furniture,Furnishings,121,14.56
TEC-AC-10004469,Technology,Accessories,51,37.6
OFF-PA-10002586,Technology,Accessories,187,119.85
FUR-CH-10002647,Office Supplies,Paper,200,14.94
OFF-AR-10003514,Office Supplies,Binders,99,34.5
OFF-LA-10003121,Furniture,Chairs,130,63.882
FUR-CH-10001545,Office Supplies,Art,104,9.552
OFF-EN-10001990,Office Supplies,Labels,145,16.52
FUR-CH-10003833,Furniture,Chairs,85,638.288
OFF-ST-10000991,Office Supplies,Envelopes,153,11.36
OFF-PA-10001970,Furniture,Chairs,171,182.94
TEC-PH-10002447,Office Supplies,Storage,87,344.91
OFF-BI-10001628,Office Supplies,Paper,209,447.84
OFF-AR-10003481,Technology,Phones,165,329.584
TEC-PH-10004071,Office Supplies,Binders,242,58.408
OFF-AR-10003560,Office Supplies,Art,14,7.872
OFF-PA-10001609,Technology,Phones,133,15.984
TEC-PH-10003988,Office Supplies,Art,207,14.592
OFF-AP-10002191,Office Supplies,Paper,90,6.58
OFF-BI-10004364,Technology,Phones,248,32.7
FUR-CH-10002073,Office Supplies,Appliances,107,179.94
OFF-LA-10003190,Office Supplies,Binders,217,14.256
FUR-FU-10004904,Furniture,Chairs,71,1059.12
OFF-ST-10001228,Office Supplies,Labels,182,4.608
OFF-BI-10002049,Office Supplies,Art,69,29.95
FUR-FU-10001473,Furniture,Furnishings,144,151.96
OFF-AR-10001915,Office Supplies,Storage,20,31.16
OFF-ST-10000563,Office Supplies,Binders,80,2.934
FUR-FU-10002364,Furniture,Furnishings,81,32.952
OFF-BI-10004967,Office Supplies,Art,91,29.79
OFF-BI-10000848,Office Supplies,Storage,138,281.424
OFF-PA-10004911,Furniture,Furnishings,73,8.856
TEC-AC-10003027,Office Supplies,Binders,47,2.08
TEC-PH-10001363,Office Supplies,Binders,88,1.641
FUR-FU-10002501,Office Supplies,Paper,36,28.14
FUR-BO-10000330,Technology,Accessories,31,90.57
OFF-BI-10003910,Technology,Phones,41,2735.952
OFF-AR-10004260,Furniture,Furnishings,108,101.12
OFF-AP-10004249,Furniture,Bookcases,73,241.96
OFF-AR-10003829,Office Supplies,Binders,126,30.84
TEC-PH-10004536,Office Supplies,Art,169,181.86
TEC-PH-10000169,Technology,Phones,75,63.936
FUR-TA-10002041,Office Supplies,Appliances,154,35.91
OFF-BI-10004040,Office Supplies,Art,89,5.248
TEC-AC-10002800,Technology,Phones,87,323.976
OFF-BI-10003291,Technology,Phones,218,67.8
FUR-FU-10002107,Furniture,Tables,179,251.006
OFF-ST-10000636,Office Supplies,Binders,30,6.216
OFF-PA-10004470,Technology,Accessories,125,449.91
OFF-ST-10002205,Office Supplies,Binders,249,5.238
OFF-AR-10003752,Furniture,Furnishings,176,8.92
OFF-AR-10002804,Office Supplies,Storage,160,66.96
TEC-AC-10003174,Office Supplies,Paper,144,11.36
OFF-BI-10004826,Office Supplies,Storage,76,155.82
OFF-AR-10002833,Office Supplies,Art,66,36.96
OFF-BI-10001758,Office Supplies,Art,248,3.912
OFF-BI-10002764,Technology,Accessories,194,258.696
TEC-AC-10002942,Office Supplies,Binders,248,13.208
OFF-SU-10004231,Office Supplies,Art,25,4.368
OFF-BI-10002931,Office Supplies,Binders,188,9.612
OFF-PA-10002464,Office Supplies,Binders,239,6.46
OFF-PA-10000167,Technology,Accessories,244,345
FUR-BO-10000362,Office Supplies,Supplies,198,49.5
FUR-FU-10004952,Office Supplies,Binders,91,33.552
TEC-PH-10002275,Office Supplies,Paper,217,13.872
TEC-PH-10002115,Office Supplies,Paper,164,74.352
OFF-SU-10001574,Furniture,Bookcases,247,290.666
OFF-EN-10000483,Office Supplies,Art,15,181.86
FUR-FU-10000771,Office Supplies,Binders,90,43.176
FUR-CH-10001891,Furniture,Furnishings,203,109.48
TEC-AC-10004659,Technology,Phones,57,907.152
OFF-PA-10002254,Technology,Phones,16,118.782
OFF-ST-10003306,Office Supplies,Supplies,205,10.95
TEC-PH-10004006,Office Supplies,Envelopes,131,137.25
TEC-PH-10000576,Furniture,Furnishings,228,6.28
TEC-AC-10004633,Furniture,Chairs,53,172.764
OFF-PA-10004327,Technology,Accessories,174,291.96
TEC-PH-10001254,Office Supplies,Paper,36,295.456
FUR-BO-10004467,Office Supplies,Storage,234,342.864
OFF-BI-10002706,Technology,Phones,107,206.1
OFF-AP-10003842,Technology,Phones,216,219.184
FUR-CH-10003973,Technology,Accessories,73,34.95
OFF-BI-10001759,Office Supplies,Paper,155,143.7
OFF-BI-10000301,Technology,Phones,189,304.776
OFF-PA-10000501,Furniture,Bookcases,30,299.97
OFF-PA-10000157,Office Supplies,Binders,80,14.28
OFF-PA-10002222,Office Supplies,Appliances,233,167.292
OFF-BI-10000756,Furniture,Chairs,131,1487.04
TEC-AC-10000387,Office Supplies,Binders,211,18.288
OFF-AR-10004078,Office Supplies,Binders,165,3.882
OFF-BI-10001107,Office Supplies,Paper,202,64.704
OFF-AP-10002534,Office Supplies,Paper,91,47.952
TEC-PH-10001425,Office Supplies,Paper,13,114.2
TEC-CO-10003763,Technology,Phones,14,137.94
FUR-CH-10003774,Office Supplies,Binders,88,38.16
OFF-BI-10001267,Technology,Accessories,46,15.02
OFF-ST-10001469,Office Supplies,Art,186,42.048
OFF-BI-10002824,Office Supplies,Binders,102,81.088
OFF-AP-10002403,Office Supplies,Appliances,223,58.924
OFF-PA-10001952,Technology,Phones,174,575.928
OFF-AP-10002684,Technology,Copiers,127,1119.984
OFF-ST-10002289,Office Supplies,Binders,198,50.997
OFF-PA-10002036,Furniture,Chairs,43,191.058
FUR-BO-10002613,Office Supplies,Binders,94,43.19
OFF-BI-10003684,Office Supplies,Storage,234,129.552
FUR-TA-10003473,Office Supplies,Binders,235,35.808
OFF-LA-10001158,Office Supplies,Appliances,131,176.04
OFF-SU-10002301,Office Supplies,Paper,187,45.68
OFF-AR-10001374,Office Supplies,Appliances,117,48.632
TEC-PH-10000560,Office Supplies,Art,122,17.52
OFF-PA-10001977,Office Supplies,Storage,213,25.424
OFF-EN-10001219,Furniture,Furnishings,12,20.04
FUR-TA-10001039,Office Supplies,Paper,121,10.368
OFF-PA-10000418,Office Supplies,Art,218,6.368
FUR-FU-10002116,Furniture,Bookcases,151,1194.165
FUR-CH-10004626,Office Supplies,Binders,118,13.194
OFF-BI-10001524,Furniture,Tables,179,1053.164
FUR-FU-10003039,Technology,Phones,95,689.408
OFF-PA-10000241,Office Supplies,Labels,74,33.12
OFF-AP-10000358,Office Supplies,Supplies,15,17.584
FUR-FU-10001588,Office Supplies,Art,95,12.96
OFF-AR-10001246,Technology,Phones,244,1889.946
TEC-AC-10002842,Office Supplies,Paper,199,44.384
OFF-SU-10003505,Office Supplies,Envelopes,206,18.336
FUR-FU-10001876,Furniture,Tables,221,154.764
FUR-FU-10003878,Office Supplies,Paper,90,104.85
OFF-PA-10003016,Furniture,Furnishings,236,282.84
OFF-FA-10001135,Furniture,Chairs,20,302.67
FUR-BO-10003433,Office Supplies,Binders,120,33.568
OFF-AR-10001446,Furniture,Furnishings,11,69.008
OFF-PA-10001745,Office Supplies,Paper,10,185.88
OFF-PA-10002741,Office Supplies,Appliances,73,25.96
OFF-BI-10001553,Furniture,Furnishings,144,58.36
OFF-ST-10000107,Office Supplies,Art,136,16.464
OFF-BI-10003476,Technology,Accessories,124,666.4
OFF-PA-10002319,Office Supplies,Supplies,34,231.72
OFF-BI-10001116,Furniture,Furnishings,161,77.952
OFF-AR-10001953,Furniture,Furnishings,80,36.672
FUR-CH-10004754,Office Supplies,Paper,46,21.98
OFF-ST-10001505,Office Supplies,Fasteners,169,3.96
OFF-PA-10001870,Furniture,Bookcases,157,198.272
OFF-AR-10002335,Office Supplies,Art,188,46.2
OFF-LA-10003720,Office Supplies,Paper,189,45.056
FUR-CH-10003817,Office Supplies,Paper,115,8.56
TEC-PH-10002185,Office Supplies,Binders,109,8.226
FUR-TA-10004442,Office Supplies,Storage,100,88.8
OFF-AP-10004052,Office Supplies,Binders,222,8.595
FUR-TA-10003392,Office Supplies,Paper,101,31.008
OFF-AR-10003856,Office Supplies,Binders,117,11.088
OFF-PA-10000552,Office Supplies,Art,214,140.736
OFF-ST-10000078,Furniture,Chairs,123,149.9
OFF-PA-10002377,Technology,Phones,142,7.992
TEC-PH-10003691,Office Supplies,Art,122,18.688
OFF-AP-10001391,Office Supplies,Storage,176,33.488
OFF-PA-10000174,Office Supplies,Paper,128,38.88
OFF-BI-10003527,Office Supplies,Art,147,5.16
TEC-AC-10000865,Office Supplies,Labels,51,3.69
TEC-PH-10003601,Furniture,Chairs,21,327.996
OFF-EN-10001509,Technology,Phones,39,11.12
FUR-TA-10003008,Furniture,Tables,154,172.11
OFF-BI-10000829,Office Supplies,Appliances,156,7.9
TEC-PH-10001924,Furniture,Tables,84,1685.88
OFF-AR-10002956,Office Supplies,Art,223,5.56
OFF-PA-10000232,Office Supplies,Paper,148,25.92
OFF-PA-10004285,Office Supplies,Storage,39,1325.85
FUR-FU-10001986,Office Supplies,Paper,125,17.04
OFF-EN-10002500,Technology,Phones,27,881.93
OFF-SU-10002573,Office Supplies,Appliances,248,541.44
FUR-TA-10004575,Furniture,Chairs,98,1448.82
TEC-PH-10002922,Office Supplies,Paper,117,32.896
TEC-CO-10004202,Office Supplies,Binders,131,762.594
TEC-PH-10004896,Technology,Accessories,186,236
OFF-PA-10004530,Technology,Phones,241,494.97
FUR-FU-10003623,Office Supplies,Envelopes,15,12.24
TEC-AC-10002567,Office Supplies,Art,103,4.672
OFF-PA-10003363,Furniture,Tables,227,328.59
OFF-BI-10002082,Office Supplies,Binders,183,17.96
OFF-PA-10000809,Technology,Phones,46,279.96
FUR-FU-10000672,Office Supplies,Art,101,88.04
OFF-ST-10003716,Office Supplies,Paper,148,12.96
OFF-ST-10003221,Office Supplies,Paper,180,13.36
OFF-LA-10002475,Furniture,Furnishings,93,40.784
TEC-PH-10000011,Office Supplies,Envelopes,189,115.02
FUR-CH-10001146,Office Supplies,Supplies,242,35.06
OFF-BI-10002867,Furniture,Tables,36,698.352
FUR-FU-10003577,Technology,Phones,132,946.344
OFF-PA-10001260,Technology,Copiers,19,479.984
OFF-AP-10001005,Technology,Phones,137,110.352
OFF-ST-10002352,Technology,Phones,84,119.96
FUR-TA-10001520,Office Supplies,Paper,204,22.96
FUR-TA-10004154,Furniture,Furnishings,43,135.3
OFF-ST-10001321,Technology,Accessories,124,127.984
FUR-CH-10000847,Office Supplies,Paper,181,19.44
FUR-CH-10003298,Office Supplies,Binders,19,19.968
OFF-ST-10004507,Office Supplies,Paper,29,5.184
OFF-PA-10004071,Furniture,Furnishings,185,35.28
OFF-PA-10000007,Office Supplies,Storage,62,540.048
FUR-CH-10003981,Office Supplies,Storage,230,21.36
OFF-BI-10003718,Office Supplies,Labels,75,14.62
TEC-AC-10001635,Technology,Phones,249,279.86
OFF-LA-10004853,Furniture,Chairs,38,383.607
OFF-AR-10000896,Office Supplies,Binders,177,95.648
OFF-BI-10001670,Furniture,Furnishings,109,157.74
OFF-ST-10002574,Office Supplies,Paper,238,32.04
FUR-CH-10003968,Office Supplies,Appliances,21,62.92
FUR-TA-10004152,Office Supplies,Storage,92,31.92
OFF-BI-10004140,Furniture,Tables,111,171.288
OFF-BI-10003876,Furniture,Tables,236,286.85
OFF-AP-10000275,Office Supplies,Binders,184,1.234
OFF-BI-10000069,Office Supplies,Storage,188,92.52
TEC-PH-10004833,Furniture,Chairs,127,872.94
OFF-PA-10001878,Furniture,Chairs,16,104.784
OFF-PA-10003036,Office Supplies,Storage,101,27.44
TEC-AC-10001432,Office Supplies,Paper,193,88.768
TEC-PH-10000439,Office Supplies,Paper,151,18
OFF-AR-10004042,Furniture,Chairs,97,899.43
TEC-PH-10002564,Office Supplies,Binders,221,590.352
TEC-PH-10001079,Technology,Accessories,101,30.84
TEC-MA-10000904,Office Supplies,Labels,222,11.952
FUR-FU-10001488,Office Supplies,Art,54,16.4
FUR-BO-10000468,Office Supplies,Binders,84,90.48
OFF-FA-10002280,Office Supplies,Storage,54,828.84
OFF-EN-10001415,Furniture,Chairs,43,319.41
OFF-EN-10001434,Furniture,Tables,128,161.28
OFF-BI-10001132,Office Supplies,Binders,217,3.592
FUR-BO-10003272,Office Supplies,Binders,249,136.96
OFF-PA-10001471,Office Supplies,Appliances,136,2625.12
OFF-EN-10002504,Office Supplies,Binders,39,36.024
TEC-PH-10002885,Technology,Phones,249,21.99
TEC-AC-10003038,Technology,Phones,179,155.35
TEC-PH-10003580,Office Supplies,Paper,22,97.82
OFF-LA-10002195,Office Supplies,Art,236,35.216
OFF-AR-10001725,Office Supplies,Paper,243,17.472
FUR-TA-10001768,Technology,Accessories,248,234.45
TEC-PH-10001578,Technology,Phones,10,159.96
OFF-ST-10004123,Office Supplies,Art,111,161.82
FUR-CH-10001482,Technology,Phones,20,59.98
FUR-TA-10002958,Technology,Phones,189,666.344
OFF-PA-10003349,Technology,Machines,48,341.991
TEC-AC-10000892,Office Supplies,Art,196,4.368
FUR-FU-10000397,Furniture,Furnishings,80,529.9
OFF-BI-10003350,Furniture,Bookcases,34,155.456
OFF-ST-10002583,Office Supplies,Paper,11,62.016
FUR-BO-10002545,Office Supplies,Fasteners,186,35
FUR-FU-10003247,Office Supplies,Envelopes,44,8.928
TEC-AC-10003095,Office Supplies,Envelopes,241,158.13
OFF-PA-10000380,Office Supplies,Binders,113,8.608
TEC-PH-10004539,Furniture,Bookcases,37,353.568
OFF-BI-10000632,Office Supplies,Binders,143,39.624
OFF-BI-10003784,Office Supplies,Paper,185,14.62
OFF-BI-10004330,Office Supplies,Envelopes,69,135.9
FUR-FU-10004090,Technology,Phones,237,779.796
OFF-PA-10004248,Technology,Accessories,196,7.16
OFF-BI-10003460,Technology,Phones,164,1212.848
FUR-CH-10002335,Office Supplies,Labels,224,24.64
OFF-ST-10001590,Office Supplies,Art,81,37.84
OFF-AP-10002651,Furniture,Tables,93,918.785
TEC-AC-10003399,Office Supplies,Envelopes,13,17.48
OFF-AR-10003056,Technology,Phones,64,1295.84
OFF-BI-10003981,Office Supplies,Storage,198,454.9
OFF-BI-10003091,Furniture,Chairs,87,392.94
FUR-FU-10004848,Office Supplies,Art,236,9.84
TEC-MA-10000045,Technology,Phones,160,209.97
OFF-ST-10003282,Furniture,Tables,176,626.352
OFF-PA-10004733,Office Supplies,Paper,96,12.96
TEC-MA-10003246,Furniture,Furnishings,63,102.36
OFF-BI-10003676,Office Supplies,Binders,238,33.088
FUR-FU-10003981,Office Supplies,Envelopes,53,130.464
OFF-BI-10003982,Technology,Phones,222,111.984
OFF-AP-10001271,Technology,Accessories,218,72
TEC-AC-10000290,Furniture,Furnishings,15,79.76
FUR-CH-10002965,Office Supplies,Binders,205,5.742
OFF-ST-10001370,Office Supplies,Storage,143,77.952
OFF-AR-10003217,Furniture,Bookcases,200,1552.831
TEC-PH-10002549,Furniture,Furnishings,92,16.784
OFF-ST-10003455,Furniture,Chairs,103,589.41
FUR-CH-10004886,Office Supplies,Binders,47,4.923
TEC-AC-10000474,Technology,Accessories,34,519.96
TEC-AC-10001314,Office Supplies,Paper,65,47.9
OFF-PA-10001685,Office Supplies,Paper,141,40.032
TEC-PH-10001557,Technology,Phones,223,453.576
OFF-BI-10002982,Office Supplies,Binders,213,43.41
FUR-FU-10001867,Office Supplies,Storage,102,51.168
TEC-AC-10004353,Office Supplies,Binders,162,1.344
FUR-FU-10000221,Office Supplies,Binders,71,33.282
OFF-AR-10000390,Furniture,Furnishings,138,66.69
OFF-FA-10002676,Office Supplies,Paper,88,15.84
FUR-FU-10000732,Office Supplies,Binders,14,8.76
TEC-AC-10002076,Furniture,Chairs,110,408.006
OFF-BI-10001658,Office Supplies,Storage,14,134.8
FUR-CH-10004287,Office Supplies,Appliances,35,1158.12
OFF-BI-10002071,Technology,Accessories,75,36.24
OFF-ST-10004337,Office Supplies,Art,35,21.4
TEC-AC-10004227,Office Supplies,Binders,154,18.16
FUR-FU-10004091,Office Supplies,Binders,223,17.52
OFF-BI-10001634,Office Supplies,Binders,85,67.194
OFF-ST-10004950,Furniture,Furnishings,85,51.75
TEC-AC-10001101,Furniture,Furnishings,58,51.968
OFF-ST-10003208,Office Supplies,Fasteners,51,22.55
OFF-PA-10002421,Technology,Accessories,202,68.112
FUR-TA-10002530,Technology,Accessories,148,50.12
OFF-AR-10001954,Technology,Machines,148,2321.9
OFF-PA-10001593,Office Supplies,Storage,250,95.616
TEC-PH-10004389,Office Supplies,Paper,244,38.016
TEC-MA-10000864,Technology,Machines,166,447.968
OFF-ST-10000777,Office Supplies,Binders,137,17.248
OFF-BI-10004187,Furniture,Furnishings,71,4.992
FUR-BO-10002268,Office Supplies,Binders,153,49.848
FUR-CH-10002602,Office Supplies,Appliances,156,254.9
TEC-AC-10002331,Technology,Accessories,107,47.53
OFF-BI-10003196,Office Supplies,Binders,116,11.088
OFF-ST-10002406,Furniture,Chairs,208,1125.488
OFF-ST-10002486,Office Supplies,Storage,21,511.056
OFF-AP-10001242,Office Supplies,Art,163,27.384
TEC-PH-10000307,Technology,Phones,138,361.376
OFF-AP-10000576,Office Supplies,Storage,196,77.55
OFF-EN-10003068,Furniture,Chairs,94,230.28
OFF-EN-10002831,Furniture,Furnishings,169,18.84
OFF-EN-10003134,Technology,Accessories,108,284.97
TEC-PH-10004447,Technology,Accessories,107,99.98
FUR-CH-10000225,Office Supplies,Paper,228,73.008
FUR-CH-10003379,Technology,Phones,249,153.584
TEC-PH-10003800,Office Supplies,Binders,78,4.086
OFF-EN-10003055,Office Supplies,Binders,91,18.088
FUR-CH-10003746,Furniture,Furnishings,121,53.2
OFF-AP-10004532,Office Supplies,Appliances,155,20.768
OFF-ST-10000060,Technology,Accessories,67,252
FUR-CH-10004875,Furniture,Furnishings,160,20.32
OFF-ST-10001837,Technology,Accessories,245,227.976
FUR-BO-10004360,Office Supplies,Art,116,8.26
OFF-BI-10002813,Office Supplies,Fasteners,112,4.344
OFF-AP-10004655,Furniture,Furnishings,17,12.56
TEC-PH-10001750,Technology,Accessories,111,431.136
FUR-BO-10003034,Office Supplies,Art,73,5.16
FUR-TA-10000577,Office Supplies,Binders,179,74.76
FUR-FU-10000758,Furniture,Chairs,223,386.68
OFF-AR-10000127,Office Supplies,Binders,116,8.134
OFF-AP-10003266,Office Supplies,Storage,15,428.68
OFF-PA-10001667,Office Supplies,Art,63,13.9
OFF-BI-10001359,Furniture,Tables,164,171.288
TEC-PH-10000038,Technology,Accessories,133,25.98
FUR-BO-10004709,Office Supplies,Binders,61,16.784
TEC-AC-10004803,Technology,Accessories,42,357
OFF-LA-10002271,Furniture,Furnishings,138,56.328
OFF-AR-10001770,Office Supplies,Binders,240,29.12
TEC-AC-10001553,Office Supplies,Storage,37,111.672
OFF-PA-10004735,Office Supplies,Binders,220,4.312
OFF-SU-10002522,Technology,Accessories,62,103.12
OFF-BI-10000320,Office Supplies,Binders,148,22.45
OFF-ST-10001490,Office Supplies,Storage,214,725.84
TEC-PH-10002834,Office Supplies,Paper,39,108.336
OFF-PA-10002787,Furniture,Tables,93,241.568
FUR-CH-10002084,Office Supplies,Art,196,19.56
OFF-LA-10004484,Furniture,Furnishings,176,87.54
OFF-FA-10000053,Office Supplies,Envelopes,224,158.13
OFF-EN-10000781,Office Supplies,Paper,207,33.488
OFF-AP-10002765,Furniture,Chairs,126,458.43
OFF-PA-10004475,Technology,Phones,114,140.736
OFF-AP-10000891,Technology,Phones,239,377.97
OFF-PA-10001846,Technology,Machines,161,3080
OFF-ST-10002344,Office Supplies,Storage,21,37.76
OFF-PA-10004621,Office Supplies,Labels,208,629.184
OFF-ST-10001580,Office Supplies,Binders,88,5.64
OFF-SU-10004661,Furniture,Bookcases,24,145.764
OFF-PA-10004101,Furniture,Chairs,10,1207.84
FUR-FU-10003535,Technology,Accessories,90,48.9
FUR-FU-10003194,Office Supplies,Binders,213,5.984
FUR-CH-10002126,Office Supplies,Storage,35,14.97
FUR-CH-10000454,Technology,Accessories,95,55.92
OFF-BI-10001308,Office Supplies,Storage,223,44.672
OFF-BI-10001765,Office Supplies,Appliances,65,241.44
OFF-BI-10000309,Technology,Phones,103,17.52
OFF-PA-10003127,Office Supplies,Appliances,150,39.48
TEC-PH-10002468,Office Supplies,Envelopes,114,15.84
OFF-PA-10004782,Office Supplies,Art,232,13.36
OFF-BI-10001072,Furniture,Furnishings,83,14.89
OFF-PA-10003177,Office Supplies,Envelopes,46,251.58
TEC-AC-10001109,Office Supplies,Envelopes,47,56.064
OFF-BI-10003650,Technology,Phones,48,222.384
FUR-FU-10000719,Furniture,Chairs,46,145.764
OFF-BI-10002003,Office Supplies,Art,126,19.456
TEC-PH-10003012,Furniture,Chairs,122,1424.9
FUR-FU-10000293,Technology,Phones,247,84.784
OFF-EN-10004030,Office Supplies,Envelopes,52,95.952
OFF-AP-10001303,Office Supplies,Paper,220,116.28
OFF-AP-10000938,Furniture,Chairs,201,577.764
TEC-MA-10002930,Office Supplies,Appliances,239,61.44
TEC-PH-10000127,Office Supplies,Storage,49,194.94
OFF-ST-10001325,Furniture,Chairs,65,192.186
TEC-PH-10004522,Office Supplies,Storage,85,42.76
TEC-AC-10001908,Furniture,Bookcases,124,328.3992
OFF-PA-10004665,Office Supplies,Binders,105,2.772
FUR-FU-10002456,Office Supplies,Appliances,224,2.264
OFF-LA-10000305,Technology,Phones,30,263.96
TEC-PH-10001336,Furniture,Bookcases,156,523.92
TEC-CO-10001571,Furniture,Tables,216,1044.63
FUR-FU-10002445,Technology,Phones,204,71.928
TEC-MA-10003493,Furniture,Furnishings,113,211.84
OFF-AP-10000026,Office Supplies,Art,108,16.4
OFF-PA-10001204,Office Supplies,Appliances,61,23.696
OFF-PA-10000213,Office Supplies,Paper,183,62.192
OFF-PA-10004971,Office Supplies,Binders,31,2690.97
OFF-PA-10004156,Office Supplies,Paper,69,29.96
OFF-BI-10001078,Technology,Phones,112,219.168
OFF-LA-10004409,Furniture,Bookcases,34,231.92
FUR-FU-10003849,Technology,Accessories,13,27.88
OFF-FA-10000490,Office Supplies,Binders,163,2.043
OFF-BI-10000315,Office Supplies,Labels,127,6.16
TEC-PH-10002398,Office Supplies,Art,214,7.98
OFF-PA-10004948,Technology,Accessories,83,40.776
OFF-PA-10001838,Office Supplies,Paper,211,38.88
TEC-PH-10001819,Office Supplies,Supplies,151,3.104
TEC-MA-10002981,Office Supplies,Binders,230,29.52
OFF-BI-10003274,Office Supplies,Storage,52,535.41
TEC-AC-10002049,Technology,Phones,200,539.97
OFF-PA-10001509,Office Supplies,Paper,241,20.736
TEC-AC-10001998,Furniture,Chairs,224,368.97
TEC-PH-10002496,Office Supplies,Labels,102,16.52
OFF-BI-10003925,Office Supplies,Fasteners,88,5.67
TEC-PH-10003555,Office Supplies,Envelopes,82,26.22
FUR-BO-10003894,Office Supplies,Storage,63,17.94
OFF-LA-10001771,Office Supplies,Appliances,250,79.47
OFF-ST-10003692,Office Supplies,Paper,233,109.92
TEC-AC-10004568,Office Supplies,Labels,129,11.07
OFF-PA-10001763,Office Supplies,Appliances,19,262.24
TEC-PH-10004080,Office Supplies,Paper,14,11.56
OFF-BI-10001890,Office Supplies,Storage,88,64.784
OFF-BI-10000201,Office Supplies,Paper,140,25.92
FUR-FU-10003601,Furniture,Chairs,88,770.352
TEC-PH-10003072,Office Supplies,Storage,24,35.952
FUR-CH-10003312,Office Supplies,Supplies,15,25.5
OFF-BI-10000343,Office Supplies,Paper,34,45.36
FUR-FU-10004665,Furniture,Furnishings,177,21.936
OFF-BI-10002735,Office Supplies,Binders,72,3.882
TEC-PH-10000004,Furniture,Furnishings,84,38.6
FUR-FU-10000073,Furniture,Chairs,242,512.358
FUR-CH-10000665,Furniture,Chairs,47,1951.84
OFF-PA-10003543,Furniture,Furnishings,63,14.76
OFF-PA-10000246,Office Supplies,Labels,239,12.39
OFF-BI-10004738,Technology,Accessories,128,92.52
OFF-SU-10001935,Office Supplies,Binders,43,7.536
OFF-ST-10003058,Office Supplies,Storage,194,92.52
FUR-CH-10004997,Office Supplies,Binders,244,55.424
OFF-PA-10002245,Technology,Phones,221,206.1
TEC-AC-10001445,Office Supplies,Binders,74,85.232
OFF-ST-10003470,Office Supplies,Paper,218,26.38
TEC-MA-10002859,Technology,Phones,50,217.584
OFF-ST-10002011,Office Supplies,Paper,23,12.96
FUR-CH-10002017,Office Supplies,Binders,163,18.192
OFF-PA-10003641,Office Supplies,Paper,158,15.552
TEC-PH-10000984,Technology,Accessories,208,71.976
OFF-PA-10001357,Office Supplies,Binders,249,841.568
OFF-LA-10001641,Furniture,Furnishings,37,59.99
OFF-AP-10003281,Office Supplies,Binders,40,7.96
OFF-PA-10002923,Technology,Phones,229,862.344
FUR-FU-10000747,Technology,Phones,38,135.516
OFF-PA-10002751,Furniture,Furnishings,183,526.45
TEC-PH-10000215,Office Supplies,Envelopes,111,2.896
OFF-EN-10004459,Office Supplies,Appliances,65,7.96
TEC-AC-10002926,Office Supplies,Appliances,240,706.86
FUR-CH-10002439,Technology,Machines,128,12.585
FUR-FU-10002045,Technology,Accessories,199,36.048
FUR-TA-10003569,Technology,Phones,207,143.928
FUR-CH-10002024,Office Supplies,Storage,225,52.4
OFF-PA-10003797,Technology,Phones,145,116.98
FUR-CH-10002961,Technology,Accessories,175,199.98
OFF-BI-10002949,Office Supplies,Paper,167,10.48
OFF-FA-10004854,Furniture,Furnishings,109,29.12
FUR-FU-10002597,Office Supplies,Storage,90,23.92
OFF-LA-10001474,Office Supplies,Labels,21,50.4
FUR-CH-10004860,Technology,Phones,114,103.192
OFF-AP-10002578,Technology,Copiers,133,439.992
TEC-PH-10000141,Furniture,Chairs,101,1282.41
TEC-CO-10001943,Furniture,Furnishings,240,15.168
OFF-ST-10002562,Technology,Machines,26,91.475
OFF-BI-10003712,Office Supplies,Appliances,132,73.164
TEC-AC-10000171,Office Supplies,Paper,239,10.56
FUR-BO-10001608,Office Supplies,Paper,241,14.94
TEC-PH-10003171,Office Supplies,Paper,59,4.624
OFF-PA-10000019,Office Supplies,Paper,206,34.02
TEC-AC-10001284,Office Supplies,Binders,89,25.824
OFF-BI-10002571,Office Supplies,Labels,17,14.4
FUR-TA-10000688,Office Supplies,Envelopes,157,43.7
OFF-PA-10004888,Furniture,Furnishings,106,20.24
OFF-PA-10000575,Office Supplies,Fasteners,76,4.96
FUR-TA-10002356,Office Supplies,Binders,56,39.879
OFF-BI-10001718,Office Supplies,Binders,244,8.272
TEC-PH-10002103,Technology,Phones,122,445.96
FUR-CH-10000422,Office Supplies,Paper,51,4.98
FUR-CH-10004477,Office Supplies,Binders,44,69.888
TEC-PH-10003885,Office Supplies,Fasteners,138,35
TEC-PH-10000148,Office Supplies,Paper,69,9.408
OFF-PA-10000587,Technology,Phones,221,107.976
FUR-CH-10002780,Furniture,Furnishings,16,169.568
OFF-LA-10003498,Furniture,Chairs,40,281.372
OFF-PA-10002365,Technology,Machines,13,350.973
OFF-BI-10001989,Technology,Accessories,20,288
OFF-BI-10000285,Technology,Accessories,138,53.7
OFF-PA-10000482,Office Supplies,Storage,100,83.7
OFF-AR-10001315,Office Supplies,Binders,153,15.92
FUR-FU-10001940,Technology,Accessories,127,371.97
TEC-MA-10001127,Office Supplies,Paper,119,44.75
OFF-AR-10000203,Technology,Accessories,181,19.99
OFF-BI-10004817,Technology,Phones,140,1871.88
FUR-CH-10002304,Office Supplies,Binders,113,68.48
FUR-CH-10004853,Office Supplies,Binders,21,2715.93
OFF-AR-10001919,Technology,Accessories,203,27.96
OFF-BI-10004233,Technology,Phones,41,73.568
OFF-PA-10000029,Furniture,Furnishings,39,327.76
OFF-AR-10002067,Furniture,Bookcases,243,198.744
OFF-ST-10001128,Office Supplies,Labels,58,4.98
OFF-PA-10000520,Office Supplies,Storage,176,137.352
FUR-FU-10001591,Technology,Accessories,242,44.784
FUR-FU-10002506,Office Supplies,Paper,221,19.98
FUR-FU-10002703,Technology,Phones,15,122.382
OFF-AR-10002467,Office Supplies,Binders,149,5.728
FUR-FU-10001602,Office Supplies,Binders,52,12.3
OFF-BI-10002133,Office Supplies,Binders,190,39.872
OFF-BI-10001597,Furniture,Furnishings,81,276.69
FUR-CH-10004698,Technology,Phones,168,269.982
FUR-CH-10000513,Technology,Phones,190,1626.192
OFF-SU-10001218,Office Supplies,Binders,87,36.56
OFF-LA-10003510,Furniture,Chairs,83,1348.704
OFF-PA-10002606,Office Supplies,Binders,231,27.496
TEC-AC-10003237,Office Supplies,Supplies,49,29.7
TEC-MA-10000752,Office Supplies,Envelopes,219,149.352
TEC-MA-10004626,Office Supplies,Labels,72,4.608
OFF-EN-10001532,Office Supplies,Binders,133,9.296
TEC-MA-10004002,Furniture,Furnishings,191,273.96
TEC-PH-10003505,Office Supplies,Binders,155,45.24
OFF-BI-10001525,Office Supplies,Binders,17,102.93
OFF-FA-10004838,Technology,Phones,69,71.952
FUR-FU-10002268,Furniture,Furnishings,196,30.8
OFF-AR-10003394,Office Supplies,Art,163,8.82
OFF-AP-10001564,Office Supplies,Binders,170,29.7
OFF-EN-10004386,Office Supplies,Storage,147,229.94
OFF-FA-10001843,Furniture,Chairs,91,170.352
OFF-BI-10004654,Furniture,Chairs,136,528.43
OFF-PA-10002764,Office Supplies,Paper,75,15.552
OFF-ST-10004180,Office Supplies,Paper,150,40.24
FUR-CH-10000229,Office Supplies,Paper,188,11.952
TEC-PH-10004100,Office Supplies,Binders,32,18.94
FUR-FU-10003832,Office Supplies,Supplies,95,1.744
OFF-AR-10003469,Office Supplies,Storage,192,94.6
FUR-TA-10002622,Furniture,Chairs,38,451.152
TEC-AC-10003433,Office Supplies,Storage,216,259.136
OFF-EN-10001535,Office Supplies,Paper,106,23.92
OFF-PA-10000565,Technology,Accessories,144,9.09
OFF-BI-10002799,Office Supplies,Storage,146,1117.92
TEC-PH-10003484,Office Supplies,Storage,204,454.86
TEC-PH-10001530,Technology,Machines,156,629.93
FUR-FU-10000794,Furniture,Bookcases,114,136.784
TEC-PH-10001870,Office Supplies,Storage,227,306.2
OFF-BI-10001757,Office Supplies,Storage,78,1006.056
OFF-BI-10004632,Furniture,Chairs,193,63.936
OFF-AP-10002670,Office Supplies,Storage,20,489.92
OFF-BI-10004094,Technology,Phones,194,467.97
FUR-FU-10000193,Office Supplies,Paper,47,105.52
FUR-TA-10004607,Technology,Phones,43,391.98
OFF-AR-10001547,Office Supplies,Paper,212,76.64
FUR-FU-10000023,Office Supplies,Labels,145,3.15
FUR-FU-10000965,Office Supplies,Appliances,94,36.27
OFF-BI-10004318,Office Supplies,Paper,92,78.304
OFF-PA-10003129,Technology,Accessories,211,6.79
OFF-ST-10000532,Furniture,Furnishings,180,45.98
OFF-PA-10001776,Office Supplies,Paper,161,35.88
OFF-LA-10004093,Technology,Phones,161,104.85
FUR-FU-10000755,Office Supplies,Envelopes,166,15.28
TEC-PH-10002923,Technology,Phones,176,84.784
OFF-PA-10004082,Technology,Accessories,35,279.944
OFF-ST-10001522,Furniture,Chairs,162,186.304
FUR-BO-10002916,Furniture,Furnishings,58,133.38
OFF-BI-10004308,Furniture,Tables,185,801.96
OFF-ST-10001496,Furniture,Chairs,215,1121.568
TEC-AC-10001772,Office Supplies,Paper,50,51.84
FUR-FU-10000277,Technology,Phones,25,7.992
OFF-PA-10003790,Furniture,Chairs,45,63.686
OFF-ST-10003442,Office Supplies,Binders,200,14.592
TEC-AC-10003628,Office Supplies,Fasteners,191,27.552
FUR-BO-10003965,Office Supplies,Binders,144,90.06
OFF-BI-10002103,Furniture,Furnishings,227,24.7
TEC-AC-10003063,Office Supplies,Labels,93,122.12
TEC-MA-10000418,Furniture,Chairs,149,161.568
FUR-CH-10004218,Office Supplies,Appliances,233,195.68
OFF-ST-10002615,Technology,Phones,24,158.376
TEC-PH-10003931,Technology,Copiers,238,639.968
OFF-ST-10004634,Office Supplies,Storage,53,30.016
FUR-FU-10000723,Furniture,Tables,62,464.292
OFF-FA-10001561,Office Supplies,Binders,31,2.946
OFF-PA-10004965,Office Supplies,Paper,203,12.96
OFF-AR-10000380,Technology,Accessories,84,36.784
OFF-BI-10000778,Furniture,Bookcases,148,127.764
OFF-BI-10000545,Technology,Phones,61,224.75
OFF-BI-10000279,Office Supplies,Paper,172,25.92
OFF-BI-10000977,Technology,Accessories,177,116.312
OFF-PA-10003309,Office Supplies,Binders,174,1.996
FUR-FU-10003919,Furniture,Tables,193,609.98
OFF-AR-10004010,Office Supplies,Paper,63,15.552
OFF-AR-10003732,Office Supplies,Paper,229,6.69
OFF-BI-10003669,Furniture,Tables,94,393.165
OFF-BI-10000831,Office Supplies,Binders,79,563.024
TEC-AC-10003911,Office Supplies,Paper,168,33.36
TEC-PH-10000526,Technology,Phones,124,657.93
TEC-AC-10000358,Furniture,Chairs,25,191.079
FUR-FU-10002885,Furniture,Chairs,38,85.246
OFF-AP-10000828,Office Supplies,Storage,101,158.9
OFF-AR-10003373,Furniture,Chairs,35,60.74
OFF-ST-10003123,Office Supplies,Art,147,5.46
OFF-AR-10004062,Office Supplies,Envelopes,51,15.28
OFF-AR-10001545,Office Supplies,Envelopes,144,51.12
OFF-EN-10001453,Office Supplies,Paper,22,38.88
OFF-BI-10002557,Technology,Phones,126,39.594
OFF-PA-10001937,Furniture,Furnishings,201,182.352
TEC-PH-10001459,Furniture,Furnishings,99,82.8
OFF-AR-10004272,Office Supplies,Supplies,109,7.76
OFF-BI-10001460,Technology,Phones,195,20.784
TEC-AC-10002323,Office Supplies,Paper,81,36.4
OFF-PA-10002689,Furniture,Chairs,78,436.704
FUR-TA-10000617,Office Supplies,Appliances,202,24.18
TEC-PH-10003875,Office Supplies,Labels,17,44.4
FUR-FU-10001037,Technology,Phones,64,44.95
TEC-AC-10000303,Office Supplies,Paper,241,15.552
FUR-FU-10001852,Office Supplies,Binders,88,33.568
OFF-AR-10003183,Office Supplies,Binders,212,11.76
OFF-AR-10003602,Office Supplies,Paper,194,113.82
OFF-BI-10003719,Furniture,Chairs,70,327.564
OFF-BI-10000145,Office Supplies,Art,171,8.8
OFF-BI-10001031,Office Supplies,Storage,69,26.96
TEC-PH-10002563,Furniture,Furnishings,132,23.88
OFF-AP-10002495,Technology,Machines,123,6999.96
OFF-ST-10001328,Furniture,Furnishings,192,19.3
OFF-ST-10003479,Office Supplies,Art,170,10.272
TEC-CO-10001449,Office Supplies,Binders,30,57.504
OFF-BI-10004728,Furniture,Chairs,248,317.058
OFF-BI-10000666,Furniture,Chairs,40,83.136
FUR-BO-10003159,Furniture,Chairs,60,150.98
FUR-TA-10001857,Office Supplies,Art,115,3.008
OFF-BI-10001097,Office Supplies,Appliances,48,90.86
OFF-FA-10004076,Office Supplies,Binders,46,28.782
OFF-LA-10000240,Furniture,Chairs,89,135.882
FUR-BO-10003966,Office Supplies,Paper,207,10.368
FUR-TA-10001705,Office Supplies,Art,32,119.04
TEC-AC-10002558,Office Supplies,Supplies,77,2.92
OFF-LA-10003223,Technology,Phones,152,438.336
OFF-PA-10003893,Office Supplies,Binders,120,3.366
TEC-AC-10002345,Office Supplies,Storage,62,998.82
OFF-ST-10000321,Office Supplies,Paper,50,10.368
FUR-FU-10002253,Furniture,Furnishings,238,19.52
FUR-FU-10003424,Furniture,Furnishings,171,38.97
FUR-FU-10003274,Furniture,Furnishings,187,128.9
TEC-PH-10002584,Office Supplies,Paper,97,22.72
OFF-PA-10001274,Office Supplies,Art,187,23.84
OFF-EN-10002621,Furniture,Furnishings,121,91.032
OFF-PA-10000062,Office Supplies,Binders,28,38.52
OFF-PA-10004569,Office Supplies,Binders,223,327.84
OFF-BI-10003314,Furniture,Chairs,122,388.704
FUR-TA-10000849,Furniture,Chairs,29,1819.86
OFF-LA-10001613,Furniture,Chairs,209,195.136
FUR-CH-10002044,Office Supplies,Supplies,236,21.96
TEC-PH-10002726,Office Supplies,Labels,152,61.06
OFF-LA-10003923,Office Supplies,Paper,212,8.448
OFF-LA-10003714,Office Supplies,Appliances,220,77.88
FUR-FU-10003394,Technology,Accessories,160,50.88
TEC-CO-10004115,Technology,Machines,125,30.345
TEC-PH-10002624,Office Supplies,Paper,233,32.4
OFF-PA-10000528,Technology,Machines,111,120
OFF-AP-10003860,Office Supplies,Envelopes,85,40.752
FUR-TA-10004256,Technology,Machines,112,265.475
FUR-FU-10002191,Technology,Phones,52,668.16
FUR-FU-10000629,Office Supplies,Paper,92,53.82
FUR-CH-10000785,Office Supplies,Binders,26,1.524
OFF-BI-10004970,Office Supplies,Fasteners,195,13.02
FUR-TA-10003954,Furniture,Chairs,201,304.45
OFF-AR-10004757,Furniture,Chairs,191,142.36
OFF-ST-10001097,Furniture,Furnishings,102,9.82
OFF-AR-10000634,Office Supplies,Paper,180,31.104
FUR-FU-10001731,Office Supplies,Art,103,8.82
TEC-PH-10001448,Office Supplies,Appliances,200,93.032
OFF-AP-10002311,Office Supplies,Storage,229,228.92
TEC-PH-10000923,Office Supplies,Envelopes,26,57.576
OFF-ST-10000675,Office Supplies,Fasteners,48,14.82
OFF-BI-10000948,Office Supplies,Binders,16,5.193
OFF-PA-10000551,Office Supplies,Paper,24,45.36
FUR-TA-10003715,Office Supplies,Storage,237,46.51
OFF-LA-10002787,Furniture,Chairs,44,569.058
OFF-AR-10003582,Furniture,Furnishings,109,187.76
TEC-AC-10000397,Technology,Phones,67,115.136
TEC-AC-10004859,Furniture,Furnishings,25,56.28
OFF-PA-10001934,Office Supplies,Storage,77,714.3
OFF-BI-10003007,Office Supplies,Binders,51,30.44
TEC-PH-10002807,Office Supplies,Art,203,2.816
OFF-ST-10001511,Furniture,Tables,150,273.568
TEC-AC-10003033,Technology,Accessories,103,2.97
FUR-FU-10000521,Office Supplies,Envelopes,172,7.072
FUR-FU-10000076,Office Supplies,Paper,183,111.96
OFF-AP-10003849,Furniture,Furnishings,112,23.88
OFF-AR-10004817,Office Supplies,Binders,121,4.662
OFF-AR-10001958,Technology,Phones,96,201.584
FUR-CH-10001854,Technology,Phones,249,1091.168
OFF-BI-10002432,Furniture,Furnishings,16,63.98
OFF-SU-10004884,Office Supplies,Labels,71,19.824
TEC-PH-10003437,Technology,Phones,49,36.738
OFF-AR-10003958,Office Supplies,Binders,104,11.808
TEC-AC-10000158,Furniture,Furnishings,213,24.288
TEC-AC-10004877,Office Supplies,Appliances,87,32.67
TEC-AC-10003709,Technology,Accessories,18,72.744
OFF-PA-10001994,Technology,Phones,124,287.88
OFF-AR-10000657,Office Supplies,Binders,156,51.8
TEC-PH-10004908,Office Supplies,Appliances,120,208.44
OFF-EN-10004206,Office Supplies,Binders,101,2.655
TEC-PH-10002538,Furniture,Furnishings,233,129.92
FUR-TA-10004619,Office Supplies,Binders,87,14.67
OFF-FA-10003112,Furniture,Tables,241,591.32
OFF-ST-10002182,Office Supplies,Art,46,6.63
OFF-PA-10000955,Furniture,Chairs,49,483.136
OFF-LA-10002945,Office Supplies,Binders,185,4.626
TEC-PH-10004667,Furniture,Furnishings,157,70.68
OFF-BI-10001249,Furniture,Furnishings,73,467.46
OFF-ST-10004963,Office Supplies,Binders,174,276.784
OFF-BI-10002954,Office Supplies,Paper,133,244.55
FUR-TA-10001539,Furniture,Chairs,115,975.92
OFF-AR-10004269,Office Supplies,Storage,21,269.36
TEC-AC-10003610,Office Supplies,Paper,56,29.664
TEC-PH-10002844,Office Supplies,Labels,245,58.48
FUR-FU-10000010,Furniture,Furnishings,144,68.64
TEC-MA-10003183,Office Supplies,Supplies,18,185.376
OFF-AP-10001492,Technology,Phones,79,88.776
FUR-CH-10001270,Office Supplies,Paper,110,39.9
OFF-PA-10001950,Office Supplies,Storage,105,220.776
OFF-ST-10002444,Furniture,Furnishings,164,17.67
FUR-FU-10000246,Furniture,Bookcases,28,512.94
FUR-FU-10003691,Office Supplies,Binders,141,6.294
OFF-AP-10001205,Office Supplies,Storage,220,720.76
FUR-FU-10000409,Office Supplies,Binders,47,276.784
TEC-AC-10001266,Office Supplies,Binders,200,2.992
OFF-LA-10002043,Technology,Accessories,90,63.88
OFF-ST-10001031,Office Supplies,Art,34,35.96
OFF-BI-10004209,Office Supplies,Binders,240,6.368
OFF-PA-10003072,Furniture,Furnishings,47,210.68
OFF-BI-10003094,Office Supplies,Paper,199,54.816
OFF-PA-10002615,Office Supplies,Storage,232,45.248
OFF-AP-10002892,Office Supplies,Binders,159,3.564
TEC-PH-10004348,Office Supplies,Binders,235,6.858
FUR-TA-10004915,Technology,Accessories,156,29.99
OFF-AR-10002445,Furniture,Bookcases,152,369.1992
OFF-AR-10001419,Office Supplies,Paper,34,60.048
OFF-AP-10004868,Office Supplies,Binders,249,13.904
TEC-AC-10003657,Technology,Accessories,106,100
OFF-PA-10000605,Technology,Machines,142,4499.985
OFF-EN-10004483,Furniture,Chairs,127,605.88
OFF-EN-10002600,Office Supplies,Binders,153,22.638
TEC-AC-10001606,Office Supplies,Storage,164,1085.42
FUR-TA-10001889,Technology,Phones,231,107.982
OFF-PA-10002713,Office Supplies,Storage,229,11.21
OFF-PA-10003441,Technology,Accessories,101,227.976
OFF-AP-10004336,Technology,Accessories,112,118
OFF-ST-10000943,Furniture,Furnishings,224,66.112
TEC-AC-10002399,Office Supplies,Fasteners,199,3.488
OFF-BI-10001721,Office Supplies,Paper,136,15.984
OFF-PA-10000806,Technology,Phones,24,149.95
FUR-TA-10002607,Office Supplies,Art,114,151.92
OFF-PA-10000533,Office Supplies,Binders,72,6.368
OFF-SU-10004115,Office Supplies,Binders,193,254.058
FUR-FU-10002918,Office Supplies,Binders,25,1141.47
OFF-BI-10000474,Office Supplies,Binders,105,46.24
TEC-PH-10002350,Office Supplies,Binders,92,364.8
OFF-PA-10004359,Furniture,Bookcases,231,46.384
TEC-PH-10001615,Office Supplies,Paper,211,12.96
OFF-BI-10000088,Furniture,Furnishings,25,65.424
FUR-BO-10000711,Office Supplies,Binders,213,10.776
FUR-FU-10004351,Furniture,Chairs,221,518.272
OFF-FA-10001229,Office Supplies,Binders,128,14.112
OFF-BI-10001575,Office Supplies,Envelopes,50,55.936
OFF-AP-10004708,Furniture,Furnishings,206,339.136
OFF-ST-10000585,Office Supplies,Art,69,174.95
TEC-PH-10001644,Office Supplies,Art,133,11.12
FUR-FU-10002157,Office Supplies,Envelopes,223,79.96
OFF-FA-10003472,Office Supplies,Binders,35,16.2
OFF-AP-10004036,Office Supplies,Binders,214,5.28
OFF-PA-10002230,Technology,Phones,144,15.588
OFF-PA-10002666,Technology,Accessories,91,479.97
FUR-FU-10002088,Technology,Phones,85,57.594
OFF-BI-10000136,Office Supplies,Envelopes,212,24.4
FUR-FU-10002671,Furniture,Furnishings,83,14.56
FUR-TA-10002855,Office Supplies,Paper,132,9.568
FUR-FU-10000222,Technology,Accessories,142,113.97
FUR-CH-10001708,Furniture,Furnishings,239,7.712
FUR-BO-10002824,Office Supplies,Appliances,152,434.352
TEC-PH-10001835,Furniture,Chairs,200,1159.056
OFF-AR-10001022,Office Supplies,Art,210,185.88
FUR-TA-10001676,Office Supplies,Binders,66,3.576
OFF-BI-10002794,Office Supplies,Storage,215,66.58
TEC-PH-10001580,Office Supplies,Art,218,20.96
OFF-ST-10003816,Technology,Accessories,13,843.9
OFF-PA-10001125,Office Supplies,Art,192,11.264
FUR-BO-10004409,Office Supplies,Envelopes,216,182.94
OFF-FA-10000304,Office Supplies,Binders,147,3.64
OFF-PA-10001019,Office Supplies,Paper,128,10.368
OFF-BI-10003166,Furniture,Bookcases,73,681.408
TEC-AC-10002718,Office Supplies,Storage,197,102.336
FUR-BO-10001798,Technology,Phones,95,1259.97
TEC-MA-10000822,Office Supplies,Art,98,3.36
TEC-AC-10000736,Office Supplies,Binders,240,106.05
OFF-PA-10004519,Technology,Accessories,176,132.6
OFF-BI-10000174,Office Supplies,Paper,218,58.32
OFF-BI-10000404,Office Supplies,Storage,218,17.15
TEC-AC-10003198,Office Supplies,Paper,89,193.8
OFF-ST-10000036,Furniture,Tables,161,409.59
FUR-FU-10004671,Technology,Phones,80,29.16
OFF-LA-10002762,Furniture,Furnishings,110,22.752
FUR-FU-10004071,Technology,Accessories,35,79.98
OFF-LA-10001045,Furniture,Tables,75,108.925
FUR-TA-10001771,Furniture,Furnishings,200,3.48
TEC-PH-10002085,Technology,Phones,187,39.99
OFF-AR-10002399,Office Supplies,Art,150,8.016
OFF-PA-10004255,Office Supplies,Art,62,11.68
FUR-FU-10001706,Office Supplies,Binders,62,44.91
OFF-BI-10002412,Office Supplies,Binders,238,7.488
OFF-ST-10003327,Office Supplies,Binders,25,38.82
FUR-BO-10002213,Office Supplies,Binders,129,21.36
OFF-SU-10004782,Technology,Phones,166,201.584
OFF-PA-10000176,Office Supplies,Art,64,7.04
TEC-PH-10004093,Office Supplies,Appliances,12,186.15
TEC-AC-10000682,Office Supplies,Storage,129,93.06
OFF-ST-10004258,Office Supplies,Storage,119,77.88
OFF-PA-10001800,Office Supplies,Paper,184,10.368
FUR-FU-10004864,Technology,Copiers,222,5399.91
OFF-BI-10003984,Office Supplies,Storage,197,169.68
FUR-CH-10002758,Office Supplies,Storage,120,535.41
FUR-FU-10004963,Office Supplies,Binders,31,7.23
FUR-CH-10003396,Furniture,Furnishings,133,25.984
OFF-ST-10000876,Office Supplies,Paper,155,25.68
OFF-EN-10004846,Office Supplies,Binders,235,146.688
OFF-AR-10001761,Furniture,Bookcases,50,156.3728
OFF-PA-10001166,Office Supplies,Binders,96,23.88
FUR-CH-10002774,Furniture,Tables,244,253.176
TEC-PH-10004924,Office Supplies,Binders,89,5.607
OFF-AR-10000799,Office Supplies,Fasteners,132,3.96
OFF-BI-10004528,Office Supplies,Labels,221,17.544
OFF-AR-10001662,Technology,Accessories,75,95.968
FUR-FU-10003553,Furniture,Bookcases,12,359.058
FUR-TA-10001086,Office Supplies,Paper,160,80.88
TEC-PH-10001433,Furniture,Furnishings,204,6.96
FUR-CH-10000863,Furniture,Tables,32,233.86
OFF-PA-10000474,Office Supplies,Art,213,7.872
TEC-PH-10002555,Furniture,Tables,150,815.292
TEC-MA-10000423,Office Supplies,Binders,132,72.588
FUR-FU-10002554,Technology,Phones,222,281.97
OFF-AR-10003811,Technology,Accessories,249,9.096
OFF-PA-10001289,Office Supplies,Labels,197,9.82
OFF-FA-10000621,Office Supplies,Paper,20,21.4
FUR-FU-10002508,Technology,Accessories,219,29
OFF-ST-10002485,Office Supplies,Storage,128,18.936
OFF-AR-10002375,Furniture,Furnishings,19,206.112
TEC-AC-10002018,Office Supplies,Fasteners,43,10.824
OFF-BI-10003638,Furniture,Furnishings,94,51.264
OFF-AR-10004602,Furniture,Furnishings,243,10.56
OFF-ST-10000025,Technology,Phones,131,1502.376
OFF-FA-10000936,Office Supplies,Paper,129,7.3
FUR-FU-10003347,Furniture,Tables,88,653.55
OFF-PA-10002246,Furniture,Tables,246,401.59
TEC-PH-10004586,Office Supplies,Binders,110,34.24
FUR-FU-10004973,Office Supplies,Storage,152,23.968
OFF-PA-10000859,Office Supplies,Storage,132,31.44
OFF-AR-10004511,Office Supplies,Paper,108,52.76
OFF-ST-10003994,Office Supplies,Appliances,85,465.16
TEC-PH-10004042,Furniture,Tables,46,787.53
FUR-TA-10003748,Office Supplies,Appliances,76,21.78
OFF-PA-10000659,Furniture,Bookcases,74,120.98
OFF-AR-10003477,Office Supplies,Envelopes,207,23.472
OFF-ST-10003638,Technology,Phones,176,359.98
FUR-CH-10000309,Office Supplies,Paper,141,164.88
OFF-EN-10003286,Office Supplies,Paper,172,7.61
TEC-AC-10002006,Office Supplies,Binders,194,3.856
OFF-SU-10000952,Furniture,Tables,250,145.98
OFF-BI-10002026,Office Supplies,Labels,166,4.608
TEC-PH-10000213,Furniture,Chairs,178,275.058
OFF-AR-10001897,Technology,Phones,211,167.968
TEC-AC-10000023,Office Supplies,Labels,63,29.6
OFF-BI-10004141,Office Supplies,Labels,195,12
TEC-MA-10004241,Furniture,Furnishings,222,74.76
OFF-LA-10001982,Furniture,Furnishings,11,629.64
TEC-PH-10001299,Technology,Copiers,80,1199.976
OFF-FA-10000585,Technology,Phones,94,469.99
OFF-BI-10004506,Office Supplies,Storage,47,64.96
FUR-TA-10002903,Office Supplies,Labels,192,133.2
FUR-FU-10002878,Office Supplies,Paper,72,10.56
OFF-PA-10000675,Office Supplies,Appliances,243,88.832
FUR-FU-10004270,Furniture,Tables,183,626.1
OFF-BI-10004230,Furniture,Furnishings,116,13.96
TEC-PH-10003655,Furniture,Furnishings,14,77.952
OFF-AP-10004859,Furniture,Chairs,222,1454.9
OFF-PA-10001736,Furniture,Furnishings,72,27.58
OFF-AR-10000369,Office Supplies,Paper,113,34.02
OFF-AR-10000658,Furniture,Chairs,25,542.94
OFF-LA-10004055,Office Supplies,Art,244,99.136
OFF-ST-10004804,Office Supplies,Binders,180,407.976
OFF-FA-10003059,Office Supplies,Binders,109,14.301
FUR-CH-10002331,Office Supplies,Binders,210,12.39
OFF-LA-10003148,Furniture,Furnishings,119,14.76
OFF-PA-10000740,Furniture,Tables,223,1421.664
FUR-FU-10004306,Office Supplies,Appliances,206,942.784
OFF-BI-10003429,Office Supplies,Art,85,13.12
TEC-AC-10001539,Office Supplies,Storage,19,501.81
FUR-BO-10001972,Office Supplies,Art,137,6.848
OFF-PA-10000595,Furniture,Furnishings,248,8.544
OFF-AR-10000422,Technology,Phones,152,149.97
OFF-PA-10001001,Furniture,Tables,117,328.59
TEC-PH-10002890,Technology,Accessories,49,389.97
OFF-ST-10004340,Office Supplies,Appliances,163,206.43
OFF-ST-10003656,Technology,Phones,144,26.982
OFF-ST-10003572,Office Supplies,Storage,73,54.224
TEC-AC-10003447,Office Supplies,Labels,110,11.52
TEC-AC-10004864,Office Supplies,Binders,249,17.712
OFF-PA-10001295,Furniture,Furnishings,41,96.53
OFF-AR-10003727,Office Supplies,Binders,103,15.92
OFF-AR-10002818,Office Supplies,Binders,121,11.416
TEC-AC-10000991,Furniture,Chairs,239,51.96
OFF-ST-10002301,Office Supplies,Paper,88,62.65
OFF-PA-10004451,Office Supplies,Paper,53,31.08
OFF-PA-10002659,Office Supplies,Binders,165,12.201
OFF-AR-10001573,Furniture,Tables,242,376.866
OFF-PA-10000357,Office Supplies,Labels,125,18.75
TEC-PH-10001536,Office Supplies,Art,195,45.04
OFF-BI-10002353,Furniture,Furnishings,125,289.8
FUR-FU-10002960,Technology,Phones,143,187.98
TEC-AC-10002637,Furniture,Chairs,203,271.764
OFF-ST-10000142,Technology,Accessories,196,174.95
OFF-AP-10001626,Technology,Accessories,68,47.976
OFF-BI-10002393,Technology,Accessories,218,104.88
FUR-CH-10000749,Office Supplies,Paper,66,51.84
OFF-AR-10000034,Office Supplies,Binders,26,186.144
FUR-FU-10002505,Office Supplies,Art,100,10.272
FUR-CH-10002372,Office Supplies,Appliances,111,154.9
OFF-AP-10000252,Technology,Phones,191,126.56
TEC-PH-10002415,Office Supplies,Envelopes,180,50.94
OFF-PA-10001497,Office Supplies,Storage,232,193.95
FUR-FU-10001424,Technology,Accessories,207,527.92
FUR-FU-10003268,Furniture,Furnishings,93,88.02
OFF-PA-10000483,Furniture,Furnishings,119,39.96
OFF-PA-10003724,Office Supplies,Appliances,80,286.256
OFF-AR-10004790,Office Supplies,Art,79,15.48
TEC-AC-10004171,Office Supplies,Art,211,67.92
TEC-AC-10002167,Furniture,Chairs,27,350.98
OFF-AR-10003251,Office Supplies,Art,147,14.67
OFF-PA-10001184,Office Supplies,Binders,228,4.554
FUR-FU-10001847,Office Supplies,Binders,94,14.016
OFF-AR-10000588,Office Supplies,Supplies,123,110.11
OFF-SU-10001664,Furniture,Tables,141,452.94
FUR-FU-10001487,Technology,Phones,194,419.944
OFF-PA-10004000,Office Supplies,Art,133,5.248
OFF-BI-10002437,Technology,Accessories,173,57.584
OFF-PA-10003424,Furniture,Furnishings,200,14.82
OFF-PA-10001033,Office Supplies,Storage,41,265.17
OFF-BI-10001679,Furniture,Chairs,123,458.43
TEC-PH-10001760,Office Supplies,Art,179,70.368
TEC-PH-10002033,Technology,Accessories,23,36.24
FUR-CH-10002880,Office Supplies,Binders,136,137.24
OFF-FA-10003021,Technology,Accessories,153,151.2
OFF-AR-10002578,Technology,Accessories,87,82.8
FUR-FU-10002396,Technology,Accessories,74,2.97
FUR-BO-10003546,Technology,Phones,70,131.98
OFF-BI-10002429,Office Supplies,Storage,87,46.53
OFF-AP-10002118,Office Supplies,Paper,116,175.872
TEC-MA-10004679,Office Supplies,Art,224,23.832
FUR-BO-10001567,Technology,Phones,55,1299.66
TEC-MA-10000984,Furniture,Chairs,125,181.986
FUR-FU-10001215,Office Supplies,Supplies,20,185.376
OFF-ST-10000877,Office Supplies,Binders,245,20.856
OFF-BI-10004781,Office Supplies,Paper,24,22.48
OFF-PA-10000477,Office Supplies,Supplies,107,65.88
OFF-AR-10004956,Office Supplies,Art,244,10.75
OFF-AR-10000538,Technology,Phones,216,135.984
TEC-PH-10001918,Office Supplies,Envelopes,93,325.86
OFF-BI-10001153,Office Supplies,Paper,123,24.56
OFF-LA-10001569,Furniture,Bookcases,86,102.018
OFF-PA-10003657,Technology,Phones,241,242.624
FUR-FU-10003798,Furniture,Tables,239,446.068
OFF-ST-10000615,Office Supplies,Fasteners,219,31.56
OFF-LA-10000081,Office Supplies,Storage,231,50.136
OFF-PA-10004381,Office Supplies,Paper,12,6.54
TEC-AC-10001552,Office Supplies,Labels,95,55.44
OFF-LA-10004545,Furniture,Tables,90,550.431
TEC-AC-10002305,Technology,Phones,27,134.99
OFF-BI-10003355,Office Supplies,Art,135,19.9
OFF-ST-10000617,Office Supplies,Paper,142,10.95
OFF-ST-10002554,Office Supplies,Binders,161,38.28
OFF-AR-10001149,Office Supplies,Storage,109,24.224
OFF-BI-10000494,Office Supplies,Art,106,11.68
OFF-PA-10000100,Office Supplies,Binders,102,2.742
OFF-BI-10002215,Furniture,Tables,133,853.092
TEC-PH-10004922,Office Supplies,Binders,21,100.704
OFF-PA-10002893,Furniture,Chairs,176,854.94
OFF-BI-10000605,Office Supplies,Art,113,3.52
TEC-MA-10002927,Office Supplies,Art,39,5.56
OFF-EN-10003845,Office Supplies,Art,144,24.78
FUR-TA-10002533,Office Supplies,Paper,134,45.36
OFF-BI-10000050,Technology,Accessories,171,179.97
OFF-PA-10003673,Technology,Phones,116,41.988
TEC-AC-10000487,Furniture,Furnishings,66,34.79
OFF-AR-10003651,Technology,Machines,90,95.994
FUR-TA-10001095,Office Supplies,Appliances,193,41.376
FUR-CH-10004675,Office Supplies,Binders,182,182.994
OFF-FA-10000134,Furniture,Chairs,118,517.5
FUR-BO-10002853,Office Supplies,Paper,243,40.032
OFF-FA-10001883,Office Supplies,Storage,25,39.296
OFF-PA-10001837,Office Supplies,Binders,154,26.432
OFF-EN-10001099,Furniture,Furnishings,230,29.328
TEC-AC-10004145,Furniture,Furnishings,44,86.45
TEC-PH-10001051,Office Supplies,Appliances,69,163.44
OFF-AR-10004165,Furniture,Furnishings,206,59.92
OFF-ST-10001963,Technology,Accessories,239,26
OFF-BI-10004390,Office Supplies,Labels,133,41.4
OFF-EN-10003862,Office Supplies,Storage,150,81.4
OFF-PA-10003134,Office Supplies,Binders,36,19.296
TEC-PH-10002262,Office Supplies,Labels,76,24.84
OFF-LA-10000634,Office Supplies,Paper,109,10.368
FUR-FU-10003708,Office Supplies,Storage,94,67.78
OFF-PA-10003848,Office Supplies,Binders,248,3.168
FUR-FU-10004845,Technology,Phones,71,587.97
TEC-AC-10001874,Office Supplies,Paper,120,17.64
OFF-PA-10000673,Office Supplies,Appliances,68,68.94
TEC-AC-10004510,Office Supplies,Fasteners,110,9.45
FUR-FU-10000260,Technology,Phones,32,88.752
FUR-CH-10004086,Office Supplies,Binders,106,6.096
OFF-AR-10002240,Office Supplies,Labels,248,15.936
OFF-ST-10000419,Furniture,Tables,248,2430.08
OFF-AR-10000823,Office Supplies,Art,194,35.4
TEC-AC-10004571,Technology,Phones,160,889.536
TEC-AC-10004518,Furniture,Chairs,196,248.43
TEC-PH-10000486,Office Supplies,Art,231,23.128
OFF-ST-10004946,Furniture,Furnishings,84,28.44
TEC-AC-10004855,Office Supplies,Storage,36,344.91
OFF-ST-10000934,Office Supplies,Appliances,249,9.324
TEC-MA-10000488,Technology,Accessories,65,54.384
OFF-BI-10002072,Office Supplies,Paper,149,9.248
OFF-BI-10000042,Office Supplies,Envelopes,128,12.536
OFF-AR-10001868,Office Supplies,Envelopes,48,26.55
OFF-PA-10002479,Furniture,Chairs,200,483.136
FUR-FU-10004017,Technology,Accessories,20,319.968
FUR-FU-10003975,Furniture,Tables,43,1018.104
FUR-CH-10004540,Office Supplies,Paper,117,13.76
OFF-ST-10001713,Office Supplies,Paper,201,38.88
TEC-PH-10002352,Office Supplies,Appliances,184,170.88
OFF-AP-10001394,Office Supplies,Storage,202,61.792
OFF-AR-10003179,Office Supplies,Binders,61,68.541
OFF-FA-10000624,Technology,Accessories,113,57.06
OFF-PA-10001804,Furniture,Chairs,244,239.358
TEC-AC-10001465,Office Supplies,Binders,36,51.312
FUR-CH-10001215,Technology,Phones,130,863.64
OFF-PA-10000289,Office Supplies,Paper,39,111.96
TEC-AC-10001838,Office Supplies,Paper,201,79.14
OFF-PA-10000788,Office Supplies,Paper,137,14.352
TEC-AC-10004975,Furniture,Tables,29,177.225
OFF-AR-10001615,Office Supplies,Paper,104,20.928
FUR-CH-10000015,Office Supplies,Supplies,205,40.712
TEC-PH-10001795,Furniture,Furnishings,197,254.744
FUR-TA-10004534,Furniture,Tables,36,73.915
OFF-PA-10003936,Office Supplies,Binders,119,64.12
OFF-ST-10000736,Technology,Phones,84,44.784
OFF-BI-10000546,Furniture,Furnishings,70,6.24
FUR-FU-10004909,Office Supplies,Paper,249,419.4
OFF-PA-10002986,Technology,Phones,179,173.94
FUR-CH-10000553,Technology,Accessories,169,15.216
OFF-BI-10002194,Office Supplies,Binders,23,64.14
OFF-BI-10001787,Office Supplies,Binders,209,6.9
OFF-BI-10002160,Office Supplies,Paper,235,11.56
FUR-FU-10004748,Office Supplies,Binders,143,79.056
FUR-FU-10002963,Furniture,Tables,161,521.96
OFF-LA-10003663,Office Supplies,Labels,154,4.608
OFF-BI-10001543,Furniture,Bookcases,212,212.94
OFF-AP-10000055,Office Supplies,Supplies,183,347.58
OFF-AR-10000122,Office Supplies,Paper,12,22.68
TEC-AC-10001013,Furniture,Furnishings,109,29.22
OFF-PA-10003739,Office Supplies,Fasteners,142,9.432
FUR-FU-10001918,Office Supplies,Binders,169,18.588
OFF-EN-10003296,Office Supplies,Appliances,195,15.224
OFF-AP-10000692,Office Supplies,Storage,117,330.4
OFF-AP-10001293,Office Supplies,Storage,87,1676.88
FUR-FU-10000308,Technology,Phones,172,95.968
OFF-LA-10000121,Office Supplies,Art,37,5.248
TEC-PH-10003092,Furniture,Furnishings,143,62.72
OFF-ST-10002214,Office Supplies,Fasteners,75,7.56
OFF-AR-10000246,Office Supplies,Appliances,89,98.112
OFF-AR-10001940,Office Supplies,Paper,94,31.872
OFF-LA-10004008,Office Supplies,Paper,180,81.54
OFF-LA-10000443,Office Supplies,Storage,107,1606.23
OFF-ST-10001558,Furniture,Furnishings,84,35.92
FUR-FU-10001379,Office Supplies,Binders,187,35.88
OFF-AP-10001563,Furniture,Furnishings,170,13.4
TEC-AC-10001590,Furniture,Tables,178,512.19
OFF-BI-10004593,Furniture,Furnishings,236,64.96
OFF-EN-10004007,Furniture,Chairs,57,253.764
TEC-PH-10004241,Furniture,Bookcases,200,301.96
OFF-PA-10000743,Office Supplies,Binders,93,9.648
OFF-PA-10001569,Technology,Phones,183,758.352
FUR-FU-10003799,Office Supplies,Art,238,5.68
OFF-AP-10003217,Furniture,Tables,179,35.544
OFF-EN-10001539,Technology,Phones,173,361.376
OFF-BI-10004995,Technology,Accessories,136,62.31
FUR-TA-10004147,Office Supplies,Paper,239,12.96
FUR-TA-10003238,Office Supplies,Binders,225,12.294
OFF-PA-10001639,Technology,Phones,197,404.94
FUR-CH-10000155,Office Supplies,Paper,144,19.44
TEC-PH-10000673,Office Supplies,Storage,173,704.76
TEC-AC-10002134,Office Supplies,Paper,150,61.96
OFF-BI-10000138,Office Supplies,Appliances,44,43.584
TEC-PH-10001809,Furniture,Bookcases,50,141.96
OFF-PA-10001246,Office Supplies,Storage,196,1350.12
OFF-PA-10001790,Office Supplies,Paper,79,8.56
TEC-PH-10004094,Office Supplies,Binders,136,1793.98
FUR-CH-10001714,Office Supplies,Fasteners,48,6.976
FUR-FU-10001185,Office Supplies,Paper,237,47.952
OFF-PA-10003971,Office Supplies,Appliances,118,137.62
FUR-TA-10001950,Office Supplies,Envelopes,18,11.36
TEC-PH-10000455,Technology,Phones,35,197.97
OFF-SU-10000946,Furniture,Tables,81,206.962
OFF-ST-10002957,Office Supplies,Binders,151,17.22
OFF-PA-10000350,Technology,Accessories,75,102.13
OFF-AP-10003287,Furniture,Bookcases,75,314.352
OFF-AP-10003040,Office Supplies,Art,176,37.312
FUR-BO-10004695,Office Supplies,Art,91,16.52
OFF-AR-10003759,Office Supplies,Binders,76,334.768
TEC-PH-10004959,Technology,Machines,52,3059.982
TEC-AC-10002550,Office Supplies,Appliances,183,471.9
TEC-PH-10004774,Office Supplies,Binders,117,4.158
OFF-PA-10000304,Technology,Accessories,69,239.97
TEC-PH-10001949,Office Supplies,Paper,15,8.96
OFF-PA-10003022,Office Supplies,Binders,143,13.92
OFF-PA-10001892,Office Supplies,Binders,177,13.76
OFF-BI-10002225,Technology,Accessories,233,99.6
FUR-BO-10004218,Office Supplies,Storage,159,237.096
OFF-BI-10001636,Furniture,Chairs,241,445.802
OFF-FA-10002988,Furniture,Furnishings,214,28.272
OFF-ST-10001418,Office Supplies,Labels,36,87.71
TEC-AC-10000521,Office Supplies,Binders,235,32.34
OFF-BI-10000216,Furniture,Chairs,165,290.98
OFF-PA-10002005,Furniture,Furnishings,23,332.832
FUR-FU-10001967,Office Supplies,Binders,230,3.828
FUR-TA-10001307,Office Supplies,Labels,141,5.22
TEC-PH-10004165,Office Supplies,Binders,246,6.24
TEC-PH-10003215,Furniture,Tables,100,692.94
TEC-AC-10004001,Office Supplies,Appliances,123,23.696
OFF-AR-10004027,Office Supplies,Binders,52,10.78
FUR-FU-10004020,Office Supplies,Paper,194,32.4
OFF-ST-10000760,Technology,Phones,92,119.94
OFF-AP-10004785,Technology,Phones,231,369.544
OFF-PA-10001801,Office Supplies,Paper,46,167.94
TEC-PH-10001552,Office Supplies,Art,125,21.3
OFF-AR-10003770,Office Supplies,Appliances,147,17.24
OFF-BI-10003707,Office Supplies,Paper,15,6.48
TEC-AC-10001114,Furniture,Furnishings,169,43.12
OFF-LA-10004345,Office Supplies,Paper,80,15.552
OFF-PA-10004039,Furniture,Furnishings,130,44.46
OFF-BI-10002309,Furniture,Chairs,156,242.352
OFF-ST-10000344,Office Supplies,Binders,11,76.776
TEC-CO-10000971,Office Supplies,Binders,182,5.8
TEC-AC-10001714,Furniture,Furnishings,138,8.128
OFF-BI-10000822,Office Supplies,Paper,113,12.96
TEC-AC-10004396,Office Supplies,Binders,146,6.888
FUR-BO-10004015,Office Supplies,Storage,84,29.79
FUR-TA-10001866,Furniture,Bookcases,44,4007.84
FUR-FU-10000087,Office Supplies,Binders,75,3.564
OFF-ST-10004186,Furniture,Bookcases,131,48.58
OFF-AR-10003190,Technology,Phones,156,728.946
FUR-FU-10001290,Office Supplies,Supplies,197,16.9
OFF-AP-10002082,Office Supplies,Paper,134,75.88
OFF-PA-10004041,Technology,Phones,244,45.99
OFF-ST-10002292,Technology,Accessories,178,82.95
FUR-FU-10004053,Office Supplies,Storage,159,36.63
FUR-FU-10002298,Technology,Phones,97,269.98
OFF-FA-10004395,Office Supplies,Binders,230,9.42
OFF-SU-10002189,Office Supplies,Paper,207,25.92
TEC-PH-10003645,Furniture,Furnishings,241,409.216
OFF-SU-10000898,Technology,Phones,147,110.376
OFF-FA-10004968,Technology,Accessories,126,45.98
OFF-PA-10003953,Office Supplies,Binders,141,296.712
OFF-LA-10004689,Furniture,Chairs,67,585.552
OFF-PA-10002581,Furniture,Bookcases,121,205.666
OFF-BI-10004656,Technology,Accessories,51,252
OFF-AP-10002867,Office Supplies,Binders,74,41.904
OFF-BI-10003708,Office Supplies,Storage,99,443.92
FUR-FU-10004093,Office Supplies,Binders,189,4.984
OFF-ST-10000689,Office Supplies,Binders,71,447.86
TEC-AC-10003832,Furniture,Furnishings,249,14
TEC-MA-10000029,Furniture,Furnishings,142,33.568
OFF-BI-10004182,Office Supplies,Envelopes,171,11.8
OFF-PA-10001622,Furniture,Chairs,231,207.846
OFF-PA-10000791,Office Supplies,Labels,137,29.24
OFF-AP-10003590,Office Supplies,Storage,106,48.86
OFF-EN-10003798,Office Supplies,Storage,207,59.712
OFF-AR-10001166,Office Supplies,Envelopes,95,10.64
OFF-LA-10000248,Furniture,Tables,124,364.95
TEC-PH-10001527,Office Supplies,Art,137,29.2
OFF-AP-10002350,Technology,Accessories,154,59.98
FUR-BO-10000780,Office Supplies,Art,182,19.9
OFF-ST-10001932,Technology,Phones,221,119.96
FUR-FU-10003464,Office Supplies,Storage,158,552.56
OFF-BI-10003963,Office Supplies,Paper,215,5.184
OFF-AR-10001468,Furniture,Chairs,106,203.92
OFF-SU-10004498,Technology,Phones,248,29.56
OFF-PA-10004100,Office Supplies,Labels,174,5.04
OFF-AR-10003631,Office Supplies,Paper,83,15.7
OFF-AP-10002287,Furniture,Tables,75,393.165
OFF-BI-10004236,Furniture,Chairs,28,218.352
TEC-AC-10000109,Office Supplies,Art,65,18.24
OFF-PA-10003001,Office Supplies,Binders,178,24.192
OFF-AR-10003087,Office Supplies,Art,123,19.728
FUR-FU-10001889,Furniture,Tables,13,283.56
TEC-AC-10004209,Office Supplies,Art,199,32.4
OFF-AR-10000614,Technology,Phones,42,604.752
TEC-PH-10002310,Office Supplies,Binders,216,9.584
OFF-PA-10003302,Office Supplies,Fasteners,162,18.368
OFF-ST-10000046,Furniture,Furnishings,152,82.524
TEC-AC-10001542,Office Supplies,Binders,235,4.338
FUR-TA-10002228,Office Supplies,Paper,209,38.88
OFF-ST-10003324,Office Supplies,Binders,89,2.214
FUR-CH-10004063,Furniture,Tables,197,364.776
OFF-FA-10002983,Technology,Phones,107,61.542
OFF-BI-10001191,Furniture,Chairs,151,301.96
FUR-BO-10003450,Office Supplies,Paper,130,106.32
OFF-AR-10002053,Office Supplies,Appliances,138,61.44
OFF-SU-10002537,Technology,Phones,246,1294.75
TEC-CO-10004722,Technology,Machines,236,105.552
OFF-BI-10002498,Technology,Phones,223,107.982
TEC-PH-10004434,Office Supplies,Art,10,7.98
OFF-ST-10002743,Furniture,Chairs,117,317.058
TEC-AC-10003023,Technology,Accessories,18,36.24
FUR-FU-10001546,Furniture,Chairs,109,90.882
OFF-ST-10001809,Furniture,Furnishings,86,71.97
OFF-FA-10002763,Office Supplies,Art,63,6.63
OFF-PA-10002137,Furniture,Furnishings,149,20.096
FUR-BO-10000112,Office Supplies,Paper,238,132.79
OFF-EN-10002592,Office Supplies,Paper,86,217.056
FUR-TA-10001932,Office Supplies,Paper,45,184.66
TEC-AC-10002370,Office Supplies,Fasteners,34,21.48
OFF-AP-10003278,Office Supplies,Paper,72,146.82
OFF-PA-10001363,Office Supplies,Binders,155,59.808
OFF-FA-10003495,Office Supplies,Binders,235,7.764
OFF-AP-10001947,Furniture,Furnishings,28,25.02
OFF-AP-10002222,Office Supplies,Binders,85,22.75
OFF-BI-10003364,Office Supplies,Storage,227,87.92
OFF-AR-10004344,Furniture,Furnishings,28,220.064
OFF-PA-10000726,Office Supplies,Art,180,13.12
FUR-BO-10002598,Technology,Accessories,13,16.776
TEC-MA-10003979,Technology,Accessories,85,24.032
OFF-LA-10000262,Office Supplies,Binders,228,46.44
TEC-AC-10003870,Technology,Phones,74,464
OFF-AR-10003158,Office Supplies,Envelopes,108,7.92
OFF-BI-10001098,Office Supplies,Art,192,91.96
FUR-FU-10001756,Office Supplies,Envelopes,24,348.488
OFF-PA-10001815,Office Supplies,Storage,125,286.29
TEC-MA-10002428,Office Supplies,Binders,92,13.904
OFF-PA-10003919,Technology,Phones,109,155.37
OFF-PA-10003395,Office Supplies,Fasteners,168,13.16
TEC-PH-10003357,Furniture,Furnishings,47,73.32
OFF-LA-10002034,Furniture,Furnishings,101,28.4
OFF-PA-10001307,Office Supplies,Art,224,32.064
TEC-MA-10004086,Office Supplies,Paper,30,30.96
OFF-BI-10001036,Technology,Phones,200,431.94
OFF-PA-10000994,Furniture,Furnishings,191,37.68
OFF-PA-10003625,Office Supplies,Paper,187,11.94
TEC-PH-10003273,Furniture,Tables,174,872.94
OFF-BI-10004716,Furniture,Chairs,95,341.488
FUR-FU-10003026,Office Supplies,Art,230,9.728
OFF-PA-10002160,Office Supplies,Art,100,37.17
OFF-PA-10003823,Office Supplies,Storage,126,60.416
FUR-CH-10000595,Office Supplies,Paper,26,29.472
OFF-PA-10002947,Office Supplies,Art,152,38.52
FUR-CH-10002320,Office Supplies,Storage,177,33.63
OFF-BI-10004001,Furniture,Tables,95,145.98
FUR-TA-10004767,Office Supplies,Storage,95,15.58
OFF-BI-10002897,Technology,Phones,158,35.04
FUR-TA-10003837,Office Supplies,Fasteners,229,17.9
FUR-BO-10001601,Office Supplies,Storage,127,59.92
OFF-PA-10001281,Furniture,Chairs,125,853.93
OFF-LA-10004677,Technology,Phones,127,197.97
OFF-EN-10004147,Technology,Phones,249,4158.912
OFF-AR-10004441,Office Supplies,Binders,90,59.808
FUR-FU-10002030,Office Supplies,Storage,238,141.552
FUR-CH-10003761,Technology,Phones,37,158.99
FUR-BO-10003404,Office Supplies,Storage,11,129.552
TEC-PH-10002483,Furniture,Tables,160,2348.82
OFF-EN-10003040,Furniture,Tables,91,1215.92
OFF-AR-10003478,Office Supplies,Binders,72,7.752
OFF-ST-10003722,Office Supplies,Paper,55,23.12
OFF-PA-10000061,Office Supplies,Storage,240,360.38
TEC-AC-10003499,Furniture,Tables,87,248.98
OFF-AP-10001058,Office Supplies,Paper,194,70.08
OFF-FA-10000611,Office Supplies,Paper,47,211.04
TEC-AC-10000926,Office Supplies,Labels,146,4.928
TEC-PH-10003095,Technology,Phones,203,629.958
TEC-MA-10001681,Office Supplies,Paper,204,139.86
OFF-PA-10002870,Furniture,Furnishings,169,32.712
OFF-PA-10003172,Office Supplies,Art,236,8.04
OFF-PA-10001752,Office Supplies,Appliances,203,25.86
OFF-AR-10000255,Office Supplies,Storage,188,93.68
FUR-CH-10000988,Office Supplies,Storage,92,118.25
OFF-PA-10001972,Furniture,Chairs,41,1267.53
TEC-AC-10001383,Office Supplies,Envelopes,115,16.56
TEC-MA-10003337,Office Supplies,Art,116,18.24
FUR-BO-10003893,Technology,Accessories,32,102.336
OFF-PA-10001954,Office Supplies,Supplies,86,35.52
OFF-AR-10001216,Office Supplies,Binders,141,92.96
OFF-FA-10000992,Furniture,Chairs,175,643.136
OFF-ST-10003805,Technology,Phones,98,49.616
TEC-AC-10002001,Office Supplies,Labels,165,25.06
OFF-AR-10000462,Furniture,Furnishings,81,79.92
FUR-FU-10003489,Office Supplies,Binders,123,3.564
OFF-AR-10000716,Furniture,Chairs,234,26.64
TEC-PH-10000149,Office Supplies,Art,156,107.94
TEC-PH-10000912,Technology,Accessories,156,272.61
OFF-AR-10003156,Technology,Accessories,186,20.97
TEC-AC-10001990,Technology,Phones,56,164.792
OFF-PA-10003845,Office Supplies,Binders,224,1.908
OFF-ST-10003996,Office Supplies,Paper,157,26.76
OFF-AR-10001683,Furniture,Furnishings,237,77.952
TEC-AC-10004127,Technology,Machines,137,600.53
OFF-SU-10000646,Furniture,Tables,241,171.96
TEC-AC-10003614,Office Supplies,Appliances,27,236.88
TEC-PH-10004188,Office Supplies,Storage,129,362.92
OFF-AR-10002221,Furniture,Chairs,212,273.552
TEC-MA-10001031,Office Supplies,Binders,144,69.456
TEC-MA-10001972,Office Supplies,Envelopes,65,23.99
OFF-AR-10000817,Office Supplies,Labels,136,9
TEC-AC-10002857,Office Supplies,Paper,84,71.28
OFF-LA-10000452,Technology,Phones,118,359.976
OFF-LA-10004559,Technology,Accessories,63,90
OFF-AP-10003622,Office Supplies,Fasteners,220,8.376
OFF-LA-10001934,Office Supplies,Storage,62,85.52
OFF-BI-10004492,Office Supplies,Binders,130,26.336
OFF-AP-10000027,Furniture,Tables,146,934.956
FUR-FU-10004586,Office Supplies,Binders,82,6.336
OFF-AP-10004540,Office Supplies,Binders,250,67.86
TEC-PH-10001128,Office Supplies,Art,239,2.624
OFF-PA-10000349,Technology,Phones,125,406.368
OFF-LA-10002312,Furniture,Furnishings,30,45.568
OFF-AP-10000696,Office Supplies,Paper,157,122.97
OFF-AR-10001177,Office Supplies,Binders,21,88.752
FUR-FU-10001935,Furniture,Furnishings,227,20.9
TEC-MA-10002210,Office Supplies,Binders,70,20.724
TEC-PH-10001700,Office Supplies,Paper,78,21.744
OFF-AP-10001962,Office Supplies,Binders,42,54.9
OFF-PA-10003883,Furniture,Bookcases,105,359.499
OFF-SU-10004664,Office Supplies,Appliances,191,7.77
TEC-PH-10003356,Technology,Phones,178,5.94
FUR-BO-10004690,Office Supplies,Appliances,55,43.68
OFF-LA-10003537,Office Supplies,Paper,184,212.64
OFF-EN-10003001,Office Supplies,Fasteners,72,2.632
OFF-LA-10004544,Office Supplies,Art,222,4.17
OFF-ST-10002790,Office Supplies,Art,121,34.65
TEC-PH-10001300,Office Supplies,Labels,154,4.91
OFF-SU-10004261,Office Supplies,Storage,80,82.368
OFF-EN-10001137,Furniture,Chairs,88,117.882
OFF-LA-10000476,Office Supplies,Fasteners,79,5.43
OFF-BI-10002852,Office Supplies,Art,23,6.63
OFF-AP-10004487,Furniture,Chairs,47,1067.94
OFF-BI-10002827,Office Supplies,Paper,239,85.056
OFF-AR-10000315,Office Supplies,Labels,143,18.9
OFF-BI-10004022,Office Supplies,Paper,181,45.68
TEC-CO-10002095,Furniture,Furnishings,43,971.5
OFF-PA-10003729,Furniture,Chairs,246,127.764
OFF-AR-10004752,Office Supplies,Binders,151,15.192
OFF-BI-10002854,Technology,Accessories,120,319.96
OFF-PA-10003892,Office Supplies,Appliances,182,45.96
OFF-ST-10000129,Office Supplies,Storage,77,540.048
FUR-CH-10001802,Furniture,Bookcases,210,1336.829
TEC-AC-10004901,Furniture,Chairs,207,242.352
OFF-BI-10002012,Office Supplies,Binders,97,3.036
OFF-PA-10003465,Office Supplies,Paper,194,114.2
OFF-AP-10003884,Office Supplies,Art,150,12.264
FUR-FU-10003192,Office Supplies,Paper,67,93.248
FUR-FU-10001475,Office Supplies,Art,212,2.21
OFF-AR-10002135,Technology,Phones,159,226.2
OFF-SU-10001212,Office Supplies,Appliances,159,161.568
TEC-PH-10002293,Office Supplies,Binders,116,31.36
OFF-EN-10001335,Furniture,Furnishings,108,60.72
OFF-AP-10000159,Office Supplies,Storage,82,53.92
OFF-AP-10002518,Technology,Phones,38,328.776
FUR-FU-10004960,Office Supplies,Storage,124,559.62
OFF-ST-10002370,Furniture,Tables,196,429.9
OFF-AR-10003903,Office Supplies,Storage,76,76.792
OFF-PA-10002120,Office Supplies,Storage,72,84.96
OFF-PA-10004675,Technology,Accessories,149,59.97
FUR-BO-10004357,Technology,Accessories,174,36.51
OFF-ST-10002756,Office Supplies,Paper,154,37.94
TEC-MA-10001695,Office Supplies,Art,155,125.93
TEC-PH-10004830,Office Supplies,Binders,225,32.088
TEC-PH-10000376,Office Supplies,Art,220,101.94
OFF-BI-10004002,Office Supplies,Envelopes,188,16.98
TEC-MA-10002073,Furniture,Furnishings,152,60.288
OFF-AP-10002945,Office Supplies,Art,149,87.92
OFF-AR-10001044,Technology,Accessories,233,93.98
FUR-FU-10003773,Office Supplies,Paper,53,19.44
OFF-BI-10001982,Office Supplies,Paper,204,5.184
TEC-AC-10003116,Office Supplies,Storage,237,81.36
OFF-AR-10001860,Furniture,Furnishings,197,7.04
OFF-PA-10002105,Office Supplies,Labels,108,9.24
OFF-LA-10001175,Office Supplies,Binders,226,1.908
OFF-AR-10003045,Office Supplies,Paper,242,32.4
FUR-TA-10004086,Furniture,Furnishings,169,127.88
OFF-BI-10003694,Office Supplies,Paper,245,3.38
OFF-PA-10001583,Furniture,Furnishings,23,137.54
OFF-PA-10001947,Office Supplies,Art,49,6.99
OFF-BI-10001120,Office Supplies,Fasteners,167,3.62
FUR-FU-10000448,Office Supplies,Art,184,18.704
OFF-BI-10004465,Office Supplies,Paper,109,32.792
TEC-PH-10002660,Office Supplies,Paper,195,12.84
FUR-CH-10001973,Furniture,Tables,78,455.1
OFF-AR-10002255,Technology,Phones,238,50.97
OFF-EN-10001141,Furniture,Chairs,90,542.94
OFF-SU-10000157,Furniture,Furnishings,149,30.56
OFF-SU-10000381,Furniture,Furnishings,151,20.104
OFF-PA-10001144,Office Supplies,Binders,139,9.264
FUR-FU-10001934,Furniture,Chairs,144,179.886
OFF-AR-10002987,Technology,Accessories,68,619.95
FUR-CH-10004495,Office Supplies,Storage,185,1297.368
OFF-AP-10000179,Furniture,Furnishings,189,18.84
OFF-FA-10003467,Technology,Accessories,243,431.976
TEC-AC-10001267,Office Supplies,Storage,65,332.704
FUR-CH-10003061,Office Supplies,Appliances,111,7.78
OFF-PA-10002259,Office Supplies,Paper,146,17.64
OFF-PA-10004947,Office Supplies,Binders,57,3.444
FUR-BO-10003660,Office Supplies,Art,139,56.3
OFF-SU-10002881,Furniture,Chairs,195,579.136
OFF-PA-10003039,Furniture,Furnishings,167,14.76
OFF-PA-10004353,Office Supplies,Art,40,33.92
OFF-BI-10001510,Office Supplies,Storage,214,26.632
FUR-FU-10001057,Technology,Phones,200,38.24
OFF-PA-10000682,Office Supplies,Binders,229,11.568
TEC-PH-10003589,Furniture,Chairs,19,207.846
OFF-AP-10000240,Furniture,Furnishings,203,4.044
TEC-PH-10003811,Office Supplies,Paper,38,49.12
OFF-LA-10000414,Furniture,Chairs,218,364.41
FUR-CH-10003199,Office Supplies,Appliances,228,28.08
OFF-LA-10000134,Technology,Phones,234,471.92
OFF-AR-10001955,Furniture,Chairs,234,215.544
OFF-AR-10004691,Office Supplies,Paper,44,219.84
FUR-FU-10001025,Furniture,Furnishings,130,6.984
OFF-SU-10002557,Office Supplies,Paper,170,59.94
OFF-PA-10000249,Technology,Phones,52,137.94
OFF-FA-10000254,Furniture,Furnishings,171,199.9
FUR-TA-10002774,Office Supplies,Paper,233,24.784
OFF-PA-10000223,Office Supplies,Paper,122,43.44
FUR-FU-10002759,Office Supplies,Art,189,19.152
OFF-FA-10003485,Office Supplies,Paper,157,19.44
OFF-BI-10004828,Office Supplies,Labels,46,75.18
OFF-LA-10002381,Office Supplies,Binders,79,29.372
OFF-ST-10001414,Office Supplies,Paper,56,46.35
OFF-PA-10002333,Office Supplies,Binders,65,196.704
TEC-PH-10004897,Technology,Accessories,66,199.98
OFF-AR-10000940,Office Supplies,Binders,39,9.912
TEC-CO-10001046,Furniture,Furnishings,238,15.4
OFF-LA-10001317,Technology,Accessories,16,45
OFF-LA-10000407,Office Supplies,Storage,111,237.096
TEC-PH-10001944,Furniture,Furnishings,153,4.712
OFF-BI-10004519,Office Supplies,Labels,20,41.4
OFF-PA-10002749,Office Supplies,Art,171,2.224
FUR-FU-10004245,Office Supplies,Paper,147,29.9
TEC-PH-10002789,Office Supplies,Paper,135,12.96
TEC-AC-10002253,Furniture,Furnishings,235,8.28
OFF-SU-10000432,Office Supplies,Art,52,63.488
OFF-FA-10002975,Office Supplies,Supplies,127,25.71
TEC-PH-10001305,Furniture,Furnishings,191,20.94
FUR-FU-10001861,Office Supplies,Paper,68,22.704
OFF-BI-10003727,Office Supplies,Binders,214,24.448
OFF-BI-10001294,Office Supplies,Paper,161,7.42
TEC-PH-10002365,Technology,Phones,213,99.98
OFF-AR-10001972,Technology,Phones,148,90.48
TEC-MA-10004521,Technology,Phones,93,302.376
OFF-PA-10004355,Office Supplies,Paper,68,163.96
OFF-BI-10004224,Office Supplies,Binders,71,25.32
FUR-CH-10001394,Office Supplies,Binders,13,8.6
TEC-PH-10003442,Office Supplies,Binders,25,8.88
OFF-LA-10003766,Technology,Phones,38,358.2
TEC-AC-10002402,Office Supplies,Binders,71,4.304
OFF-LA-10002368,Technology,Phones,135,911.424
OFF-AR-10001227,Furniture,Tables,229,344.22
OFF-PA-10004996,Office Supplies,Binders,149,3.928
TEC-AC-10004708,Office Supplies,Binders,247,0.876
OFF-ST-10002276,Furniture,Chairs,241,1106.91
OFF-SU-10001225,Office Supplies,Binders,61,2.946
OFF-BI-10002976,Office Supplies,Fasteners,189,12.032
OFF-PA-10002250,Office Supplies,Paper,108,20.016
FUR-FU-10002685,Office Supplies,Art,73,5.76
FUR-FU-10003806,Furniture,Furnishings,125,50.32
OFF-ST-10001526,Furniture,Bookcases,108,302.94
OFF-PA-10000308,Office Supplies,Binders,227,42.616
TEC-PH-10000675,Office Supplies,Appliances,244,1040.8
FUR-FU-10001095,Office Supplies,Paper,222,166.44
TEC-AC-10000710,Technology,Machines,225,399.54
TEC-AC-10003590,Furniture,Bookcases,250,90.882
OFF-PA-10002262,Technology,Phones,82,1439.92
TEC-PH-10004614,Office Supplies,Appliances,85,11.67
OFF-BI-10000962,Furniture,Chairs,197,127.302
OFF-PA-10001526,Technology,Machines,93,3357.6
OFF-PA-10000556,Furniture,Furnishings,173,43.13
OFF-PA-10004243,Office Supplies,Storage,69,132.696
OFF-AR-10001026,Office Supplies,Art,21,209.94
FUR-FU-10000550,Office Supplies,Paper,30,74.352
FUR-BO-10004834,Office Supplies,Binders,111,76.176
OFF-AR-10004456,Office Supplies,Appliances,66,1640.7
TEC-AC-10000580,Office Supplies,Envelopes,84,12.768
TEC-MA-10002412,Office Supplies,Paper,184,36.288
FUR-FU-10003142,Office Supplies,Art,109,13.392
OFF-PA-10001293,Technology,Phones,81,29.16
FUR-FU-10003829,Office Supplies,Fasteners,219,3.488
FUR-FU-10003095,Furniture,Chairs,13,498.26
OFF-AP-10002906,Technology,Phones,32,211.168
OFF-PA-10000807,Office Supplies,Art,172,67.56
OFF-ST-10000918,Technology,Phones,99,328.224
TEC-MA-10003356,Technology,Phones,104,444.768
TEC-AC-10000057,Office Supplies,Binders,182,20.724
OFF-SU-10001165,Office Supplies,Envelopes,138,13.392
TEC-MA-10000010,Office Supplies,Paper,102,55.48
OFF-ST-10000798,Furniture,Tables,27,99.592
TEC-PH-10002597,Furniture,Chairs,85,594.816
OFF-ST-10001272,Office Supplies,Envelopes,79,81.54
OFF-SU-10004737,Office Supplies,Labels,218,27.888
OFF-AR-10004999,Office Supplies,Paper,72,12.84
OFF-AR-10004707,Furniture,Furnishings,130,79.12
OFF-LA-10004272,Technology,Accessories,103,239.976
OFF-BI-10004352,Office Supplies,Storage,207,34.05
FUR-CH-10003535,Office Supplies,Art,42,8.56
FUR-FU-10000820,Office Supplies,Labels,239,3
TEC-PH-10001198,Office Supplies,Paper,19,96.08
TEC-PH-10001494,Furniture,Tables,14,66.645
FUR-FU-10004415,Technology,Accessories,131,248.85
OFF-AP-10000326,Office Supplies,Labels,11,60.144
OFF-FA-10002701,Technology,Accessories,222,36
OFF-BI-10002414,Technology,Phones,60,197.97
TEC-PH-10003187,Furniture,Chairs,236,167.888
FUR-FU-10001085,Office Supplies,Binders,110,11.952
OFF-AP-10002439,Furniture,Tables,52,1184.72
OFF-LA-10004178,Office Supplies,Storage,170,20.86
TEC-CO-10003236,Office Supplies,Storage,168,78.256
OFF-AR-10004582,Technology,Accessories,148,11.672
TEC-PH-10002824,Office Supplies,Art,167,11.52
OFF-PA-10004405,Office Supplies,Binders,159,14.301
OFF-SU-10000151,Office Supplies,Binders,200,3.132
OFF-EN-10003072,Office Supplies,Paper,43,40.99
OFF-BI-10000591,Furniture,Furnishings,52,25.4
OFF-PA-10000069,Technology,Phones,208,773.94
FUR-CH-10004289,Office Supplies,Binders,239,3.136
OFF-PA-10003256,Office Supplies,Paper,71,106.32
OFF-PA-10004239,Office Supplies,Envelopes,86,47.01
FUR-FU-10004460,Office Supplies,Paper,40,15.552
FUR-FU-10003374,Office Supplies,Binders,45,2.896
TEC-AC-10000990,Office Supplies,Binders,68,21.3
OFF-AR-10003405,Technology,Phones,203,100.792
OFF-AR-10002257,Technology,Phones,18,180.96
OFF-SU-10003002,Technology,Phones,142,321.552
FUR-FU-10000206,Office Supplies,Paper,51,9.68
FUR-FU-10004622,Office Supplies,Paper,58,30.18
OFF-LA-10001074,Office Supplies,Binders,90,6.096
FUR-FU-10004666,Office Supplies,Binders,69,13.92
TEC-MA-10000597,Technology,Machines,23,3991.98
OFF-PA-10003205,Office Supplies,Envelopes,133,14.76
OFF-ST-10000136,Furniture,Tables,104,292.1
TEC-PH-10003174,Office Supplies,Binders,213,46.72
FUR-FU-10000305,Office Supplies,Paper,244,16.272
OFF-AR-10000937,Technology,Accessories,224,15.576
OFF-AP-10004980,Technology,Accessories,240,16.56
FUR-BO-10001811,Office Supplies,Art,195,7.872
OFF-ST-10004459,Office Supplies,Paper,88,75.88
TEC-PH-10000730,Office Supplies,Paper,92,28.352
OFF-BI-10004600,Technology,Machines,43,479.97
OFF-PA-10001534,Furniture,Furnishings,139,14.98
FUR-FU-10003731,Office Supplies,Art,158,10.496
OFF-SU-10002503,Furniture,Tables,95,1568.61
OFF-ST-10000464,Technology,Phones,61,1363.96
OFF-PA-10001712,Furniture,Chairs,38,1526.56
OFF-PA-10000143,Office Supplies,Storage,70,22.512
TEC-MA-10001570,Office Supplies,Storage,13,53.424
OFF-LA-10003077,Office Supplies,Fasteners,126,11.62
TEC-PH-10000347,Furniture,Bookcases,52,81.94
OFF-PA-10002001,Office Supplies,Binders,35,17.43
OFF-SU-10004290,Technology,Phones,190,344.704
OFF-ST-10003641,Furniture,Furnishings,186,10.476
OFF-AR-10004587,Office Supplies,Paper,10,110.96
TEC-PH-10000369,Office Supplies,Binders,35,17.46
OFF-AR-10001427,Office Supplies,Fasteners,122,31.12
OFF-BI-10004410,Office Supplies,Paper,201,15.552
OFF-SU-10003567,Technology,Phones,98,39.96
OFF-ST-10001476,Office Supplies,Envelopes,220,125.36
OFF-LA-10001297,Office Supplies,Storage,222,232.55
OFF-AP-10000804,Furniture,Furnishings,130,14.56
OFF-AR-10001118,Office Supplies,Envelopes,34,23.472
OFF-BI-10001900,Technology,Accessories,112,499.98
TEC-CO-10001766,Office Supplies,Envelopes,119,7.824
FUR-FU-10001468,Technology,Phones,49,239.976
OFF-AP-10002998,Office Supplies,Paper,200,56.07
TEC-MA-10003176,Office Supplies,Paper,221,13.08
OFF-BI-10004584,Office Supplies,Binders,82,12.222
OFF-AP-10002734,Technology,Accessories,179,255.968
OFF-BI-10000014,Office Supplies,Paper,94,160.72
TEC-PH-10002583,Technology,Accessories,142,619.95
TEC-MA-10004552,Office Supplies,Fasteners,233,3.76
TEC-AC-10004114,Technology,Phones,14,14.78
OFF-BI-10004099,Office Supplies,Art,185,5.472
OFF-EN-10002312,Furniture,Tables,154,562.2925
TEC-CO-10002313,Office Supplies,Storage,207,243.384
FUR-BO-10001918,Office Supplies,Storage,203,1325.85
FUR-FU-10004164,Office Supplies,Binders,173,25.584
OFF-EN-10002230,Furniture,Furnishings,54,20.32
FUR-FU-10002379,Office Supplies,Binders,156,37.425
FUR-FU-10003976,Office Supplies,Paper,223,11.76
FUR-FU-10003930,Office Supplies,Binders,11,673.568
TEC-AC-10004761,Office Supplies,Binders,49,13.128
OFF-EN-10003567,Office Supplies,Envelopes,105,21.34
OFF-PA-10004609,Office Supplies,Paper,139,153.728
OFF-EN-10002973,Technology,Phones,170,119.02
OFF-AR-10003772,Office Supplies,Labels,72,2.61
TEC-PH-10001817,Technology,Phones,26,28.99
OFF-PA-10003656,Furniture,Furnishings,89,72.78
TEC-MA-10001148,Office Supplies,Binders,191,58.05
OFF-ST-10001172,Office Supplies,Binders,178,135.09
TEC-AC-10002600,Office Supplies,Fasteners,36,52.29
OFF-AR-10003504,Office Supplies,Paper,25,25.92
OFF-LA-10004425,Office Supplies,Appliances,236,35.91
TEC-MA-10001047,Furniture,Furnishings,219,154.95
OFF-BI-10004139,Technology,Accessories,226,119.98
OFF-AP-10003779,Furniture,Chairs,220,390.272
FUR-FU-10000175,Office Supplies,Paper,206,11.648
TEC-MA-10004255,Office Supplies,Binders,48,1.788
OFF-AR-10002704,Technology,Phones,135,251.964
OFF-PA-10003228,Office Supplies,Paper,111,48.87
OFF-LA-10000973,Furniture,Furnishings,150,511.5
OFF-PA-10000327,Technology,Accessories,198,63.96
OFF-ST-10000649,Technology,Accessories,198,98.16
OFF-EN-10000927,Technology,Phones,159,471.92
OFF-BI-10004876,Furniture,Furnishings,238,19.76
TEC-PH-10003535,Furniture,Chairs,246,197.372
FUR-FU-10000576,Furniture,Furnishings,250,24.27
OFF-FA-10001754,Furniture,Chairs,115,1458.65
OFF-ST-10000676,Furniture,Furnishings,128,8.736
OFF-AP-10001366,Office Supplies,Art,122,113.22
FUR-FU-10002874,Office Supplies,Storage,234,32.592
OFF-SU-10003936,Office Supplies,Storage,171,2934.33
OFF-PA-10004438,Furniture,Chairs,158,122.352
OFF-ST-10001780,Furniture,Furnishings,157,47.12
TEC-MA-10003674,Office Supplies,Art,129,3.64
OFF-FA-10001332,Technology,Accessories,145,159.984
OFF-FA-10002815,Office Supplies,Paper,240,629.1
TEC-PH-10002680,Technology,Accessories,88,160
FUR-FU-10002813,Technology,Phones,245,371.168
OFF-ST-10000604,Office Supplies,Storage,133,43.28
OFF-ST-10000642,Office Supplies,Binders,143,40.98
OFF-PA-10003063,Technology,Accessories,206,83.976
OFF-FA-10000735,Furniture,Chairs,29,321.568
OFF-EN-10004773,Office Supplies,Storage,85,65.12
OFF-ST-10000352,Office Supplies,Storage,187,81.96
OFF-AR-10003338,Office Supplies,Binders,241,3.798
OFF-PA-10001661,Office Supplies,Binders,53,56.82
TEC-AC-10000199,Office Supplies,Supplies,97,5.84
OFF-PA-10001457,Office Supplies,Labels,205,44.4
OFF-PA-10002552,Office Supplies,Binders,26,7.712
OFF-EN-10002986,Office Supplies,Art,159,6.672
TEC-PH-10000586,Technology,Machines,168,1919.976
FUR-CH-10003606,Technology,Phones,165,143.976
OFF-ST-10002974,Office Supplies,Binders,86,17.38
OFF-AR-10004974,Furniture,Furnishings,150,82.26
OFF-PA-10000048,Office Supplies,Binders,129,3.204
TEC-AC-10001090,Office Supplies,Art,101,1.344
OFF-EN-10001028,Office Supplies,Paper,73,25.92
TEC-PH-10001619,Furniture,Furnishings,132,27.46
FUR-BO-10001519,Office Supplies,Paper,105,37.52
TEC-AC-10004666,Furniture,Furnishings,171,9.94
TEC-PH-10002645,Office Supplies,Paper,47,10.56
OFF-PA-10003651,Office Supplies,Appliances,78,243.88
OFF-PA-10004734,Office Supplies,Art,151,19.456
TEC-AC-10001142,Office Supplies,Labels,215,29.46
OFF-BI-10003529,Office Supplies,Fasteners,188,10.9
OFF-AP-10003057,Furniture,Furnishings,210,107.53
TEC-AC-10001767,Furniture,Furnishings,153,43.31
TEC-AC-10003133,Technology,Accessories,109,62.592
OFF-AR-10003696,Furniture,Chairs,149,191.968
FUR-BO-10001619,Office Supplies,Storage,202,84.784
OFF-AR-10001231,Technology,Accessories,55,899.95
OFF-PA-10003270,Furniture,Furnishings,155,103.936
OFF-FA-10002780,Technology,Phones,246,1394.95
OFF-AP-10004233,Technology,Accessories,223,447.944
OFF-PA-10000130,Office Supplies,Appliances,209,453.6
FUR-FU-10004587,Office Supplies,Art,101,14.576
TEC-AC-10002647,Office Supplies,Paper,170,27.15
OFF-EN-10003160,Office Supplies,Fasteners,10,7.16
FUR-BO-10002206,Furniture,Furnishings,52,26.25
OFF-AR-10003896,Office Supplies,Paper,155,10.688
TEC-PH-10004700,Technology,Phones,124,449.97
OFF-BI-10001922,Technology,Accessories,25,36.32
OFF-PA-10000312,Furniture,Furnishings,127,83.952
FUR-FU-10003664,Office Supplies,Storage,128,509.488
OFF-AR-10004022,Office Supplies,Binders,107,13.896
FUR-CH-10003846,Office Supplies,Fasteners,195,45.92
OFF-PA-10000210,Office Supplies,Paper,33,10.368
OFF-AR-10002280,Office Supplies,Paper,215,25.344
OFF-AR-10000411,Furniture,Tables,31,1056.86
OFF-AR-10002952,Furniture,Chairs,146,801.568
OFF-PA-10001826,Office Supplies,Paper,86,15.552
FUR-FU-10001196,Office Supplies,Paper,198,32.4
OFF-AR-10004648,Office Supplies,Art,30,4.224
OFF-PA-10001215,Office Supplies,Paper,232,40.08
TEC-MA-10002937,Office Supplies,Appliances,162,35.04
OFF-PA-10000295,Technology,Accessories,145,599.97
OFF-AR-10001473,Office Supplies,Paper,148,10.368
OFF-PA-10000466,Technology,Accessories,112,263.88
OFF-PA-10004022,Office Supplies,Appliances,112,152.94
OFF-AR-10003723,Office Supplies,Art,236,31.744
TEC-AC-10002335,Furniture,Chairs,168,866.4
TEC-PH-10004120,Office Supplies,Binders,216,33.74
FUR-FU-10002240,Office Supplies,Paper,14,23.52
OFF-PA-10000919,Technology,Phones,127,2479.96
OFF-EN-10004955,Furniture,Tables,247,1441.3
OFF-ST-10004835,Furniture,Furnishings,173,30.768
FUR-TA-10004175,Office Supplies,Paper,107,15.552
OFF-AP-10001469,Office Supplies,Storage,218,728.82
FUR-TA-10001691,Office Supplies,Art,142,21.4
TEC-PH-10002114,Office Supplies,Labels,179,14.94
OFF-AP-10000595,Office Supplies,Storage,17,99.488
FUR-BO-10002202,Office Supplies,Supplies,167,10.95
TEC-AC-10000927,Furniture,Chairs,162,398.972
OFF-PA-10000300,Office Supplies,Labels,177,18.9
TEC-AC-10004814,Technology,Accessories,219,12.99
OFF-AP-10002203,Office Supplies,Binders,190,2.88
OFF-AR-10003876,Furniture,Furnishings,21,96.96
TEC-AC-10003441,Office Supplies,Paper,108,32.064
OFF-ST-10001291,Furniture,Chairs,240,47.516
FUR-TA-10002645,Furniture,Furnishings,121,6.096
OFF-AR-10001221,Office Supplies,Fasteners,183,22.96
OFF-PA-10000697,Office Supplies,Binders,212,19.152
FUR-FU-10003096,Office Supplies,Binders,14,1.872
OFF-AP-10001154,Office Supplies,Binders,161,9.81
FUR-TA-10004289,Office Supplies,Binders,250,2.286
TEC-PH-10003963,Office Supplies,Art,217,219.9
OFF-AP-10004136,Office Supplies,Supplies,56,695.16
FUR-CH-10001190,Furniture,Furnishings,227,127.88
OFF-AR-10004930,Office Supplies,Binders,19,45.48
FUR-TA-10000198,Office Supplies,Art,67,19.46
OFF-EN-10003448,Furniture,Furnishings,107,20.32
TEC-AC-10004595,Office Supplies,Storage,190,70.26
OFF-BI-10001196,Furniture,Furnishings,76,139.86
FUR-TA-10003469,Office Supplies,Labels,118,5.78
TEC-MA-10003230,Furniture,Furnishings,181,310.88
OFF-PA-10001461,Office Supplies,Binders,152,41.28
OFF-ST-10000885,Office Supplies,Binders,224,287.92
FUR-CH-10003956,Office Supplies,Paper,175,17.94
TEC-MA-10003673,Technology,Accessories,79,159.8
OFF-LA-10001404,Furniture,Furnishings,95,8.92
OFF-LA-10003388,Office Supplies,Appliances,14,129.92
TEC-PH-10000562,Office Supplies,Art,246,17.856
OFF-PA-10002968,Furniture,Chairs,212,242.136
OFF-LA-10002473,Technology,Accessories,171,146.45
OFF-FA-10000840,Office Supplies,Paper,161,11.56
OFF-PA-10004092,Furniture,Furnishings,137,1.892
OFF-FA-10000089,Office Supplies,Envelopes,141,180.96
OFF-AR-10003986,Furniture,Furnishings,192,66.36
OFF-SU-10004768,Office Supplies,Art,181,11.76
FUR-FU-10004597,Office Supplies,Appliances,37,40.54
TEC-MA-10004125,Office Supplies,Paper,76,18.496
OFF-BI-10003655,Furniture,Tables,83,892.136
TEC-MA-10003066,Office Supplies,Art,188,121.536
TEC-AC-10004992,Office Supplies,Appliances,159,81.96
TEC-PH-10001061,Furniture,Furnishings,53,373.08
TEC-MA-10002109,Furniture,Furnishings,86,82.26
OFF-AP-10003099,Office Supplies,Binders,94,896.99
OFF-PA-10002109,Furniture,Furnishings,135,18.84
OFF-AR-10001130,Furniture,Tables,28,262.11
TEC-MA-10002790,Office Supplies,Appliances,15,26.49
TEC-AC-10004420,Furniture,Tables,152,620.6145
OFF-PA-10002499,Office Supplies,Paper,109,19.44
OFF-PA-10003591,Office Supplies,Storage,52,1633.14
TEC-AC-10002380,Office Supplies,Art,204,2.816
OFF-AP-10001634,Office Supplies,Labels,27,56.7
TEC-MA-10003329,Office Supplies,Binders,91,14.94
OFF-PA-10001725,Technology,Accessories,51,319.968
OFF-PA-10001243,Office Supplies,Art,225,3.76
FUR-FU-10004712,Office Supplies,Appliances,23,644.076
OFF-AP-10000390,Technology,Accessories,151,40.776
OFF-PA-10002709,Technology,Phones,152,220.752
TEC-MA-10002694,Office Supplies,Storage,15,56.45
TEC-MA-10004458,Furniture,Bookcases,144,514.165
TEC-PH-10004875,Office Supplies,Art,89,11.12
TEC-MA-10001016,Furniture,Furnishings,171,36.4
TEC-MA-10003589,Office Supplies,Art,129,16.4
FUR-FU-10002553,Furniture,Furnishings,191,9.24
OFF-AP-10000124,Office Supplies,Art,103,5.04
OFF-ST-10001034,Office Supplies,Labels,175,5.76
TEC-MA-10003173,Office Supplies,Labels,13,2.952
TEC-MA-10002178,Office Supplies,Storage,49,25.984
OFF-AR-10002671,Office Supplies,Binders,248,2.934
TEC-PH-10001468,Furniture,Furnishings,93,32.064
OFF-AP-10002472,Office Supplies,Appliances,232,272.048
OFF-PA-10002558,Technology,Accessories,48,75
FUR-CH-10002317,Office Supplies,Art,238,46.2
TEC-PH-10002070,Office Supplies,Binders,114,125.76
TEC-PH-10002817,Office Supplies,Envelopes,212,62.28
TEC-MA-10004212,Office Supplies,Paper,22,10.368
TEC-MA-10000112,Furniture,Chairs,230,207
OFF-ST-10001627,Furniture,Tables,128,1478.272
OFF-AP-10003914,Technology,Phones,77,239.984
OFF-EN-10001749,Technology,Phones,148,1439.968
TEC-AC-10001956,Office Supplies,Binders,17,23.912
OFF-PA-10002960,Technology,Accessories,149,31.984
TEC-MA-10001856,Office Supplies,Binders,229,104.184
OFF-PA-10001450,Office Supplies,Paper,141,10.688
TEC-MA-10003353,Office Supplies,Art,147,9.78
OFF-AP-10001124,Office Supplies,Paper,153,32.4
TEC-PH-10002075,Furniture,Chairs,120,230.28
